title,created_at,breadcrumb,link,metadata
0579305AC.pdf,2020-01-09,,https://johnsoncontrols.fluidtopics.net/viewer/document/yl6hnmD5Gl1DFsp8Ev4POw,
0579352AC.pdf,2020-01-09,,https://johnsoncontrols.fluidtopics.net/viewer/document/OGve2cz4Zm7kdC2ONXlDSg,
12013490.pdf,2020-01-09,,https://johnsoncontrols.fluidtopics.net/viewer/document/YPmULnKo5OXXbbtfcjjIgg,
160.41-RP1.4.pdf,2020-01-09,,https://johnsoncontrols.fluidtopics.net/viewer/document/ODw9nY1ZOUvwdBOKGFu2AA,
MobileBridge_ReleaseNotes_JCI.pdf,2020-01-09,,https://johnsoncontrols.fluidtopics.net/viewer/document/eA7viUvIgDWGQPpU~D4nkw,
1135764-uai-b-0815.pdf,2020-01-20,,https://johnsoncontrols.fluidtopics.net/viewer/document/A9xAVltUwCMzKCiPd2YRyw,
1135765-uai-b-1216.pdf,2020-01-20,,https://johnsoncontrols.fluidtopics.net/viewer/document/mZ4VdnB7rEQblWqnVnq4CA,
5276178-jim-e-0119.pdf,2020-01-20,,https://johnsoncontrols.fluidtopics.net/viewer/document/f0KAlz2RITpbyWFCTtiKDw,
10101E_SKUM_FJM_FJMS_MAN_Monitor.pdf,2020-02-03,,https://johnsoncontrols.fluidtopics.net/viewer/document/CHeFvtHiK6iEeODc9giSVw,
10102E_SKUM_FJM_WTO_Monitor.pdf,2020-02-03,,https://johnsoncontrols.fluidtopics.net/viewer/document/onpjHseEFZmUz7wksWNVAw,
10105E_SKUM_FJM-100_EL_MV_Monitor.pdf,2020-02-03,,https://johnsoncontrols.fluidtopics.net/viewer/document/GyrqEJv16_YaBImpPz9E2g,
10107E_SKUM_FJM-150_EL_Monitor.pdf,2020-02-03,,https://johnsoncontrols.fluidtopics.net/viewer/document/h401HvfEFAWcaomVFfjn~w,
10109E_SKUM_FJM-150_EL_LA_Monitor.pdf,2020-02-03,,https://johnsoncontrols.fluidtopics.net/viewer/document/FccfCPfNvKEfGgWPwDdc4w,
10110E_SKUM_FJM-100_EL_LA_Monitor.pdf,2020-02-03,,https://johnsoncontrols.fluidtopics.net/viewer/document/6akrZn44wsusaIbTJ~oaYQ,
10121E_SKUM_FJM-200_EL_MV_Monitor.pdf,2020-02-03,,https://johnsoncontrols.fluidtopics.net/viewer/document/VduosQk5GavpiAMMVi3zUA,
10211E_SKUM_TPMk2_TPW_Mk2_Proportioner.pdf,2020-02-03,,https://johnsoncontrols.fluidtopics.net/viewer/document/IA269CD2ghc~~qd335N2hA,
10215E_SKUM_TP_MK2_TPW_MK3_Proportioner.pdf,2020-02-03,,https://johnsoncontrols.fluidtopics.net/viewer/document/HvjeBGk~ZBmdaNNNDuPocg,
10216E_SKUM_PP_MK2_PPW_MK3_Proportioner.pdf,2020-02-03,,https://johnsoncontrols.fluidtopics.net/viewer/document/8ApgsfhIIaUSEaTWJH46GA,
10221E_SKUM_Inline_Inductor_MI25_MI165.pdf,2020-02-03,,https://johnsoncontrols.fluidtopics.net/viewer/document/fkSTvK~2rumS9VUlaBFg8A,
10222E_SKUM_Inline_Inductor_MI80_MI150.pdf,2020-02-03,,https://johnsoncontrols.fluidtopics.net/viewer/document/GAp11BWZoO2mMj34W~4rzw,
10223E_SKUM_Around_the_Pump_Inductor.pdf,2020-02-03,,https://johnsoncontrols.fluidtopics.net/viewer/document/gqavjy_SzXiDuhzYVuuXrA,
10302E_SKUM_HotFoam_HG15_HG25.pdf,2020-02-03,,https://johnsoncontrols.fluidtopics.net/viewer/document/eUKtFlEOpNoD~jSkPr3xVA,
10401E_SKUM_MTB-H-V_Bladder_Tank.pdf,2020-02-03,,https://johnsoncontrols.fluidtopics.net/viewer/document/vrOZWcZgOl3zkCe3Qizw3Q,
10511E_SKUM_OFG_OFGR_Foam_Generator.pdf,2020-02-03,,https://johnsoncontrols.fluidtopics.net/viewer/document/ibVRINamRDttpXZjrjZ~8Q,
10512E_SKUM_PFG_PFG-S_Foam_Generator.pdf,2020-02-03,,https://johnsoncontrols.fluidtopics.net/viewer/document/o~_6CLTxq~T80hIAEhEEwQ,
10513E_SKUM_MLB_Low_Expansion_Branch_Pipe.pdf,2020-02-03,,https://johnsoncontrols.fluidtopics.net/viewer/document/12fesmpc7PWHl03aMW_tdw,
10516E_SKUM_HSSS_Foam_Injection_Unit.pdf,2020-02-03,,https://johnsoncontrols.fluidtopics.net/viewer/document/ZFr0xFPaMc0Sb9QL4VKbRA,
14A-03_THORN_FM200_LPCB.pdf,2020-02-03,,https://johnsoncontrols.fluidtopics.net/viewer/document/9vAMqASw~EAJosKVDzTccA,
14A-03F_FIREATER_FM200_LPCB.pdf,2020-02-03,,https://johnsoncontrols.fluidtopics.net/viewer/document/PoUD0tZQVZRklaGh3LS35Q,
14A-03H_HYGOOD_FM200_LPCB.pdf,2020-02-03,,https://johnsoncontrols.fluidtopics.net/viewer/document/N3nz6fIscDtJ6YS2hbAo_w,
14A-03HPL_FM200_CNBOP_Issue 10_HYGOOD.pdf,2020-02-03,,https://johnsoncontrols.fluidtopics.net/viewer/document/avS9ZqzaM9pfjqWTBHx~~g,
14A-03L_LPG_FM200_LPCB.pdf,2020-02-03,,https://johnsoncontrols.fluidtopics.net/viewer/document/3k27EDm6DRwwWZFpQYIdgg,
14A-03T_TYCO_FM200_LPCB.pdf,2020-02-03,,https://johnsoncontrols.fluidtopics.net/viewer/document/xlqpzYKRJuFux1TzWldy8w,
14A-03TPL_TYCO_FM200_CNBOP.pdf,2020-02-03,,https://johnsoncontrols.fluidtopics.net/viewer/document/Y5VaJfczwckchfBQOoCc4Q,
14A-06_THORN_SAPPHIRE_25_42_Bar_LPCB.pdf,2020-02-03,,https://johnsoncontrols.fluidtopics.net/viewer/document/p40azvzrUvjxA1MX~I5hdw,
14A-06F_FIREATER_SAPPHIRE_25_42_Bar_LPCB.pdf,2020-02-03,,https://johnsoncontrols.fluidtopics.net/viewer/document/ItRYSezfEYqPjw222uf8Qg,
14A-06H_HYGOOD_25_42_Bar_SAPPHIRE_LPCB.pdf,2020-02-03,,https://johnsoncontrols.fluidtopics.net/viewer/document/K2PBbUD4vExagEYiF~Eq2w,
14A-06L_LPG_SAPPHIRE_LPCB.pdf,2020-02-03,,https://johnsoncontrols.fluidtopics.net/viewer/document/n~iRx7sKQBzybqXIMlJXZA,
14A-06MT_TYCO_SAPPHIRE_Marine.pdf,2020-02-03,,https://johnsoncontrols.fluidtopics.net/viewer/document/4wSVwFzSS9o0muMRxcu5GA,
14A-06T_TYCO_SAPPHIRE_LPCB.pdf,2020-02-03,,https://johnsoncontrols.fluidtopics.net/viewer/document/fD86uPu7AoOsRLgP_0u0lA,
14A-07HI_HYGOOD_FM200_UL_India.pdf,2020-02-03,,https://johnsoncontrols.fluidtopics.net/viewer/document/ROEuNofQKaT6HzdbzL0W6w,
14A-11_THORN_SECURITY_SAPPHIRE_UL_FM.pdf,2020-02-03,,https://johnsoncontrols.fluidtopics.net/viewer/document/ACp5xp9qqFqX6zg9riGeyw,
14A-11F_FIREATER_SAPPHIRE_UL_FM.pdf,2020-02-03,,https://johnsoncontrols.fluidtopics.net/viewer/document/rliwOjCdKJ0pF0K465zP_w,
14A-11H_HYGOOD_SAPPHIRE_UL_FM.pdf,2020-02-03,,https://johnsoncontrols.fluidtopics.net/viewer/document/G4~yRLBMBxm7F5TeaY4efQ,
14A-11T_TYCO_SAPPHIRE_UL_FM.pdf,2020-02-03,,https://johnsoncontrols.fluidtopics.net/viewer/document/HdkKfYfoK8bxy9Nc~CU8PQ,
14A-23G_GEM_INERGEN_iFLOW_Fire_Suppression_System.pdf,2020-02-03,,https://johnsoncontrols.fluidtopics.net/viewer/document/JLRxxu9v_AN4FPF2fCamKQ,
14A-23H_HYGOOD_INERGEN_iFLOW_Fire_Suppression_System.pdf,2020-02-03,,https://johnsoncontrols.fluidtopics.net/viewer/document/hPU97sfgQanOwgCTI9wVmQ,
14A-23L_LPG_INERGEN_iFLOW_Fire_Suppression_System.pdf,2020-02-03,,https://johnsoncontrols.fluidtopics.net/viewer/document/zbd0BiNxtKFLHcjwFkwrhw,
14A-23T_TYCO_INERGEN_iFLOW_Fire_Suppression_System.pdf,2020-02-03,,https://johnsoncontrols.fluidtopics.net/viewer/document/TOuQCp5yADnhjBbkOR5U1A,
14A-27L_LPG_IG-01_iFLOW_Fire_Suppression_System.pdf,2020-02-03,,https://johnsoncontrols.fluidtopics.net/viewer/document/Lwv8buM_lYZkacp5onWyxw,
14A-28G_GEM_IG55_iFLOW_Fire_Suppression_System.pdf,2020-02-03,,https://johnsoncontrols.fluidtopics.net/viewer/document/FnbIybPYlPA43uA_NvSykQ,
14A-28H_HYGOOD_IG55_iFLOW_Fire_Suppression_System.pdf,2020-02-03,,https://johnsoncontrols.fluidtopics.net/viewer/document/Csby6GNzwHroLrdSwARBLA,
14A-28L_LPG_IG55_iFLOW_Fire_Suppression_System.pdf,2020-02-03,,https://johnsoncontrols.fluidtopics.net/viewer/document/fvCphD8Zm1sAll7_LG9oUg,
14A-28T_TYCO_IG55_iFLOW_Fire_Suppression_System.pdf,2020-02-03,,https://johnsoncontrols.fluidtopics.net/viewer/document/uIeO8wQOrB2_XACs17zehw,
14A-29G_GEM_IG100_iFLOW_Fire_Suppression_System.pdf,2020-02-03,,https://johnsoncontrols.fluidtopics.net/viewer/document/K7dD2Je~ux6j0uprZU85xg,
14A-29H_HYGOOD_IG100_iFLOW_Fire_Suppression_System.pdf,2020-02-03,,https://johnsoncontrols.fluidtopics.net/viewer/document/4wBbGrrs3rLX5bECcVuZDg,
14A-29L_LPG_IG100_iFLOW_Fire_Suppression_System.pdf,2020-02-03,,https://johnsoncontrols.fluidtopics.net/viewer/document/ggN14qHgbDTZHjPSzIw04g,
14A-30H_HYGOOD_25_42_Bar_SAPPHIRE_VdS.pdf,2020-02-03,,https://johnsoncontrols.fluidtopics.net/viewer/document/jA9LLn12asvx3gkdPrjwqw,
14A-30L_LPG_SAPPHIRE_25_42_Bar_VdS.pdf,2020-02-03,,https://johnsoncontrols.fluidtopics.net/viewer/document/r83DYia8JSvjDd67m0R0yA,
14A-30T_TYCO_SAPPHIRE_25_42_Bar_VdS.pdf,2020-02-03,,https://johnsoncontrols.fluidtopics.net/viewer/document/gLHmqwqPrm4VGVMhzmXX4w,
14A-34H_HYGOOD_SAPPHIRE_25_42Bar_CNBOP.pdf,2020-02-03,,https://johnsoncontrols.fluidtopics.net/viewer/document/scON6tL7CHiUZ_j1sG~uVw,
14A-34L_LPG_SAPPHIRE_25_42Bar_CNBOP.pdf,2020-02-03,,https://johnsoncontrols.fluidtopics.net/viewer/document/OKdwrqNtV0kjjuOELvH8oA,
14A-34T_TYCO_SAPPHIRE__25_42Bar_CNBOP.pdf,2020-02-03,,https://johnsoncontrols.fluidtopics.net/viewer/document/XjybzPtVYpT6HM2M8RwvTw,
14A-35H_HYGOOD_INERGEN_iFLOW_UL.pdf,2020-02-03,,https://johnsoncontrols.fluidtopics.net/viewer/document/h4bnp6fgL24I1LpAuKzS6Q,
14A-35L_LPG_INERGEN_iFLOW_UL.pdf,2020-02-03,,https://johnsoncontrols.fluidtopics.net/viewer/document/xQF9_KCr6gLgxIdM1RuEnw,
14A-37F_FIREATER_SAPPHIRE_PLUS.pdf,2020-02-03,,https://johnsoncontrols.fluidtopics.net/viewer/document/0Yf2y9DhXFCrA1ET2ymGHg,
14A-37G_GEM_SAPPHIRE_PLUS.pdf,2020-02-03,,https://johnsoncontrols.fluidtopics.net/viewer/document/Ak3Y6fEm2VYtUHtGwqh50Q,
14A-37H_HYGOOD_SAPPHIRE_PLUS.pdf,2020-02-03,,https://johnsoncontrols.fluidtopics.net/viewer/document/eZId~H99EMfX5n6snxbAMw,
14A-37L_LPG_SAPPHIRE_PLUS.pdf,2020-02-03,,https://johnsoncontrols.fluidtopics.net/viewer/document/1kNQ8GhZYDSqmtoSApdulg,
14A-49H_HYGOOD_SAPPHIRE_CNPP.pdf,2020-02-03,,https://johnsoncontrols.fluidtopics.net/viewer/document/qExMRaZx6yj5B_6Fy2qOxA,
14A-50G_GEM_SAPPHIRE_COMPACT.pdf,2020-02-03,,https://johnsoncontrols.fluidtopics.net/viewer/document/iGEzbt8666JrnuCEtxt9pQ,
14A-50H_HYGOOD_SAPPHIRE_COMPACT.pdf,2020-02-03,,https://johnsoncontrols.fluidtopics.net/viewer/document/YLeyI~T4ekEQzkJi4tWuXg,
14A-50L_LPG_SAPPHIRE_COMPACT.pdf,2020-02-03,,https://johnsoncontrols.fluidtopics.net/viewer/document/i8jxHfregnxaQMtEr6F~7w,
FDS_2016044_SKUM_TPW_MK2.pdf,2020-02-03,,https://johnsoncontrols.fluidtopics.net/viewer/document/pKH1AodNKvFu88jhAO9HaA,
FDS_2016054_SKUM_Around_the_pump_PI_inductor.pdf,2020-02-03,,https://johnsoncontrols.fluidtopics.net/viewer/document/SNd0syuBh_Uo_49xhCLroA,
FDS_2016062_Foam_Sealing_Membrane.pdf,2020-02-03,,https://johnsoncontrols.fluidtopics.net/viewer/document/uCvwpbSuYiJR7uXtsl9eDA,
FDS_2016071_SKUM_Horizontal_Bladder_Tanks.pdf,2020-02-03,,https://johnsoncontrols.fluidtopics.net/viewer/document/nmKGBnif7WI3SVzQGgziEw,
FDS_2017106_SKUM_HIEX_Louvers_Dampers.pdf,2020-02-03,,https://johnsoncontrols.fluidtopics.net/viewer/document/ZXmcxIOgXLVJM8o01ANFkw,
FDS_2018017_SKUM_Balanced_Pressure_Proportioner_WRP.pdf,2020-02-03,,https://johnsoncontrols.fluidtopics.net/viewer/document/iWc9DBpD7rxJqaZl4DVo5A,
FDS_2018018_SKUM_Bladder_Tank_MTB_Horizontal.pdf,2020-02-03,,https://johnsoncontrols.fluidtopics.net/viewer/document/VD1hLValovep_TieWmdJzg,
FDS_2018019_SKUM_Bladder_Tank_MTB_A.pdf,2020-02-03,,https://johnsoncontrols.fluidtopics.net/viewer/document/Qj1DYJHPd69pXsksjAdQYg,
FDS_2018020_SKUM_Bladder_Tank_MTB_Vertical.pdf,2020-02-03,,https://johnsoncontrols.fluidtopics.net/viewer/document/BdgSU12njnjsuFPQbISPEQ,
FDS_2018021_SKUM_Foam_Generation_Fomax_7.pdf,2020-02-03,,https://johnsoncontrols.fluidtopics.net/viewer/document/y_8nvdaVMmhQfMZqNXgg8A,
FDS_2018025_SKUM_Vertical_and_Horizontal_Bladder_Tanks.pdf,2020-02-03,,https://johnsoncontrols.fluidtopics.net/viewer/document/XCtx4j_H3MfdaCrPrqHWXQ,
FDS_2018027_SKUM_Bladder_Tank_Sight_Guage.pdf,2020-02-03,,https://johnsoncontrols.fluidtopics.net/viewer/document/E0bTaL_moD~YZ6tUckvyug,
FDS_2018028_SKUM_METEOR_X_2%_High-Expansion_Foam_Concentrate.pdf,2020-02-03,,https://johnsoncontrols.fluidtopics.net/viewer/document/d2_T6llt0sgEip_V_IzkkA,
FDS-2016037_SKUM_Monitor_FJM_WTO.pdf,2020-02-03,,https://johnsoncontrols.fluidtopics.net/viewer/document/oM9MPdgpfNNCi7j~4VBELQ,
FDS-2016038_SKUM_FJM_Manual_Monitor.pdf,2020-02-03,,https://johnsoncontrols.fluidtopics.net/viewer/document/5o5CyFsrCZozpJ2gYQTkEQ,
FDS-2016052_SKUM_Hotfoam_2%_Foam_Concentrate.pdf,2020-02-03,,https://johnsoncontrols.fluidtopics.net/viewer/document/ucg3w_Jsd5vYA1KqYygkew,
FDS-2016072_SKUM_HIEX_High_Expansion_Foam_Generators.pdf,2020-02-03,,https://johnsoncontrols.fluidtopics.net/viewer/document/DRdq9vgOcpbayokYpbLP7g,
FDS-2018011_SKUM_PFG_and_PFG-S_High_Back_Pressure_Foam_Generators.pdf,2020-02-03,,https://johnsoncontrols.fluidtopics.net/viewer/document/P2zT90aZuhj9IWruViWyHw,
HY-2016064_HYGOOD_Acoustic_Nozzle_Instruction_Sheet.pdf,2020-02-03,,https://johnsoncontrols.fluidtopics.net/viewer/document/xxba_ftyK7xn8mqopFONVQ,
N-2015005_NEURUPPIN_WA9_F-500_WA3_F-500_EN.pdf,2020-02-03,,https://johnsoncontrols.fluidtopics.net/viewer/document/svXbPDcCMRhoyxyTq5PL~w,
160.41-RP1.5.pdf,2020-03-04,,https://johnsoncontrols.fluidtopics.net/viewer/document/DUSTlkI_0Lrvb6ude9QOEw,
160.41-RP1.6.pdf,2020-03-04,,https://johnsoncontrols.fluidtopics.net/viewer/document/oJBpdxq2VrlApIGvdpqDEA,
