100% Outside Air Dual Duct (OADD) Air Handling Unit (AHU) Application Note	https://johnsoncontrols.fluidtopics.net/viewer/document/7hMRoJx_vXx5EUKwQiE2CA
4100 OPERATING INSTRUCTIONS	https://johnsoncontrols.fluidtopics.net/viewer/document/cJuUdasllIGtgJOLmXn~Gw
4100 OPERATING INSTRUCTIONS	https://johnsoncontrols.fluidtopics.net/viewer/document/X3LImsh8GGALyOIxs_~j2w
ABCS License Portal Help	https://johnsoncontrols.fluidtopics.net/viewer/document/l~HfiBnRyNn4~5xfHGVO3A
ABCS License Portal Help	https://johnsoncontrols.fluidtopics.net/reader/o4nRZEbFvMGQvyzT2ZP8lg/root
ABCS License Portal Help	https://johnsoncontrols.fluidtopics.net/reader/o4nRZEbFvMGQvyzT2ZP8lg/root
"ADS, ADX, and SCT Installation and Upgrade Instructions Wizard"	https://johnsoncontrols.fluidtopics.net/viewer/document/m4ELPx8xvccVayLNByetyg
ADS/ADX Commissioning Guide	https://johnsoncontrols.fluidtopics.net/viewer/document/o2UTK2nGaN5qqKlmaBRTfg
ADS/ADX Commissioning Guide	https://johnsoncontrols.fluidtopics.net/viewer/document/pYTBR_R5LBqujsni893h4g
Advanced Graphics Application Help	https://johnsoncontrols.fluidtopics.net/viewer/document/3Gb~n3TXhMLjO7Ott8mbVg
Advanced Graphics Application Help	https://johnsoncontrols.fluidtopics.net/viewer/document/c~DiTrDpN3hQYypZGQqZew
Advanced Graphics Application Installation Instructions	https://johnsoncontrols.fluidtopics.net/viewer/document/kWKfxsDip987wLiddA~JNA
ANSUL Instruction Sheet Template__A4_Rev-00	https://johnsoncontrols.fluidtopics.net/viewer/document/6smiUI6YC6tNMkoe1b9Jtg
ANSUL Instruction Sheet Template__A4_Rev-00	https://johnsoncontrols.fluidtopics.net/viewer/document/fI1XmSEq3NKrC725nvHr9g
ANSUL Instruction Sheet Template__A4_Rev-00	https://johnsoncontrols.fluidtopics.net/viewer/document/ZR6wWOeP_B3E6_gG9MgmHg
ANSUL Instruction Sheet Template__A4_Rev-00	https://johnsoncontrols.fluidtopics.net/viewer/document/tJBr4KpYOBQvvoM3p0vQjw
ANSUL Instruction Sheet Template__A4_Rev-00	https://johnsoncontrols.fluidtopics.net/viewer/document/c~UQoCLKRhS56X8oQQcS1w
ANSUL Instruction Sheet Template__A4_Rev-00	https://johnsoncontrols.fluidtopics.net/viewer/document/QCvOHyB_D02u4vZc8T1Gvw
ANSUL Instruction Sheet Template__A4_Rev-00	https://johnsoncontrols.fluidtopics.net/viewer/document/RBWyDMr0GAeZ7ixHqtTX4Q
ANSUL Instruction Sheet Template__A4_Rev-00	https://johnsoncontrols.fluidtopics.net/viewer/document/szNf0iU~uaEHvqRHguOcZw
ANSUL Instruction Sheet Template__A4_Rev-00	https://johnsoncontrols.fluidtopics.net/viewer/document/AcoGy7TsK34T_bOQTPGkHA
ANSUL Instruction Sheet Template__A4_Rev-00	https://johnsoncontrols.fluidtopics.net/viewer/document/M5CEmCsull20W~KLZuNJ3w
ANSUL Instruction Sheet Template__A4_Rev-00	https://johnsoncontrols.fluidtopics.net/viewer/document/PeRYyXG3oiu5GkEummLYmA
Appendix: Installing SQL Server Management Studio Express	https://johnsoncontrols.fluidtopics.net/reader/rKaUaPzNsfYl8765Nx7vEw/root
Appendix: Installing SQL Server Management Studio Express	https://johnsoncontrols.fluidtopics.net/reader/rKaUaPzNsfYl8765Nx7vEw/guYDABQ9nx6lm5LTuPOx4Q
AP-TMZ1600 Room Sensor Catalog Page	https://johnsoncontrols.fluidtopics.net/viewer/document/Oy7WX1T22brHHxqVFp7yTA
AP-TMZ1600 Room Sensor with LCD Display Product Bulletin	https://johnsoncontrols.fluidtopics.net/viewer/document/~ChowQdpilr7F6dg_Di6QQ
Bentel Integration Guide	https://johnsoncontrols.fluidtopics.net/viewer/document/vhdOwZlLoE9bQg8T_LyWcg
Bentel Integration Guide	https://johnsoncontrols.fluidtopics.net/viewer/document/vhdOwZlLoE9bQg8T_LyWcg
Bosch Integration Guide	https://johnsoncontrols.fluidtopics.net/viewer/document/LvZmp8qoI5tj02uBP30lPQ
Bosch Integration Guide	https://johnsoncontrols.fluidtopics.net/viewer/document/LvZmp8qoI5tj02uBP30lPQ
Branch License Manager License Portal Help	https://johnsoncontrols.fluidtopics.net/viewer/document/G0iOkNqsmeTg4cBnxDojdQ
C-202 2:1 Ratio Cumulator Catalog Page	https://johnsoncontrols.fluidtopics.net/viewer/document/ufPVLlxtaLi9R7qgw2KXWw
C-202 2:1 Ratio Cumulator Product Bulletin	https://johnsoncontrols.fluidtopics.net/viewer/document/Nc72MrtuxAG5s257Kcm9NA
C-2040 Averaging Cumulator Catalog Page	https://johnsoncontrols.fluidtopics.net/viewer/document/nECiknAFl6NRUpTD6JcHpg
C-2220 High-Low Pressure Selector Catalog Page	https://johnsoncontrols.fluidtopics.net/viewer/document/2hXrFnZl2HgrCDUINggAmA
C-2220 High-Low Pressure Selector Product Bulletin	https://johnsoncontrols.fluidtopics.net/viewer/document/Idqmrv3p2X3knGeBc1eqGg
C-5222 Adding/Subtracting Repeater Catalog Page	https://johnsoncontrols.fluidtopics.net/viewer/document/F_~1YSTKCWirYuBDE1y2cQ
C-5226 Pneumatic Signal Transmitter Catalog Page	https://johnsoncontrols.fluidtopics.net/viewer/document/ZNXUgvupknMByHXKV9goxA
C-5226 Pneumatic Signal Transmitter Product Bulletin	https://johnsoncontrols.fluidtopics.net/viewer/document/j16y4X9cRLUll~y_V6E69w
C-5230 Pneumatic Signal Limiter Catalog Page	https://johnsoncontrols.fluidtopics.net/viewer/document/MLBmnH7x5M2O__RfaHAWFw
C-5230 Pneumatic Signal Limiter Product Bulletin	https://johnsoncontrols.fluidtopics.net/viewer/document/h3qz0fyofudG_LDpe4U4rw
C-7355 Digital Series 7-Day Time Clocks Product/Technical Bulletin	https://johnsoncontrols.fluidtopics.net/viewer/document/pjs~BFLcDVa5_kp9ly~Hqw
C-7355 Electromechanical Series 7-Day Time Clocks Product/Technical Bulletin	https://johnsoncontrols.fluidtopics.net/viewer/document/ii5VoysMSkOrFnn0BhJ~DQ
C-9200 Pneumatic Sequencing Cumulator Catalog Page	https://johnsoncontrols.fluidtopics.net/viewer/document/mmtoLtq838_UxRvkUxE4UA
C-9200 Sequencing Cumulator Product Bulletin	https://johnsoncontrols.fluidtopics.net/viewer/document/cGWbvSno3felzSLDK8J1jQ
C-9500 Two-Position Pilot Cumulator Catalog Page	https://johnsoncontrols.fluidtopics.net/viewer/document/yYjn7Ligj2oTX7ybUviCpA
C-9504 Two-Position Cumulator Catalog Page	https://johnsoncontrols.fluidtopics.net/viewer/document/Z2yWjazK5sxCxWnXN~MVqQ
C-9504 Two-Position Cumulator Product Bulletin	https://johnsoncontrols.fluidtopics.net/viewer/document/st284wJ~eV8x1dITsRROAA
C-9506 Air Switching Cumulator Catalog Page	https://johnsoncontrols.fluidtopics.net/viewer/document/uIva0usy0fqhpFhkWbayfg
CD-Px0-00-0 Series Duct Mount CO2 Transmitters Catalog Page	https://johnsoncontrols.fluidtopics.net/viewer/document/5cXwrsn21rI~4dqzQ6oONQ
CD-Px0-00-0 Series Duct Mount CO2 Transmitters Product Bulletin	https://johnsoncontrols.fluidtopics.net/viewer/document/_I7VqWBfMWugm~_M~qf9YQ
CD-Px0-00-0 Series Duct Mount CO2 Transmitters Product Bulletin	https://johnsoncontrols.fluidtopics.net/viewer/document/KdPgJ6d01g05ygYQmTXfAw
CD-Px0xx-00-0 Series Duct Mount CO2 Transmitters Installation Instructions	https://johnsoncontrols.fluidtopics.net/viewer/document/makQGmBO_ep0uNyqFbTsuQ
CD-Px0xx-00-0 Series Duct Mount CO2 Transmitters Installation Instructions	https://johnsoncontrols.fluidtopics.net/viewer/document/i~hEqkAPFcNDzOfvRjIqiw
CD-Px0xx-00-00 Series Duct Mount CO2 Transmitters Catalog Page	https://johnsoncontrols.fluidtopics.net/viewer/document/8llkLzo_45UOxXG_oUmM2A
CD-Px0xx-00-00 Series Duct Mount CO2 Transmitters Product Bulletin	https://johnsoncontrols.fluidtopics.net/viewer/document/4sbsQOjnh7DWWZ4XlI4Y9w
CD-Px0xx-00-00 Series Duct Mount CO2 Transmitters Product Bulletin	https://johnsoncontrols.fluidtopics.net/viewer/document/RhJuaynjc0XRYIwu~S5UAg
CD-Pxx-00-0 Series Duct Mount CO2 Transmitter Installation Instructions	https://johnsoncontrols.fluidtopics.net/viewer/document/~MpE5qAPT96kyCwqRvGgJg
CD-Pxx-00-0 Series Duct Mount CO2 Transmitter Installation Instructions	https://johnsoncontrols.fluidtopics.net/viewer/document/vXFKRA0AB2dL28hkESUu0A
CD-W00-x0-2 Series Wall Mount CO2 and Temperature Transmitters Catalog Page	https://johnsoncontrols.fluidtopics.net/viewer/document/z_xmJ2kMTk3_X1Se0Ry_cQ
CD-W00-x0-2 Series Wall Mount CO2 and Temperature Transmitters Installation Instructions	https://johnsoncontrols.fluidtopics.net/viewer/document/24CGPA7ar5OD7tiAiUNMLQ
CD-W00-x0-2 Series Wall Mount CO2 and Temperature Transmitters Installation Instructions	https://johnsoncontrols.fluidtopics.net/viewer/document/mnPRnorEE~ejgOE2jWb1vg
CD-W00-x0-2 Series Wall Mount CO2 and Temperature Transmitters Product Bulletin	https://johnsoncontrols.fluidtopics.net/viewer/document/StDFNN1FW9RgKyvqw4SWJw
CD-W00-x0-2 Series Wall Mount CO2 and Temperature Transmitters Product Bulletin	https://johnsoncontrols.fluidtopics.net/viewer/document/QyDLYwTz45x2hADAPzsV0A
CD-WAx-00-2 Installation Instruction 24-10863-9 Rev. A	https://johnsoncontrols.fluidtopics.net/viewer/document/I0a7BSq7nTpvcgbFw_RQrw
CD-WAx-00-2 Installation Instruction 24-10863-9 Rev. A	https://johnsoncontrols.fluidtopics.net/viewer/document/gyreVcACg2afS_FTHo24jw
CD-WAx-00-2 Installation Instruction 24-10863-9 Rev. A	https://johnsoncontrols.fluidtopics.net/viewer/document/a_gtOrXvsh0leLuVpvOsfA
CD-WAx-00-2 Installation Instruction 24-10863-9 Rev. A	https://johnsoncontrols.fluidtopics.net/viewer/document/nvhz4fWPQWAMlaH7vcxT~A
CD-WAx-00-2 Installation Instruction 24-10863-9 Rev. A	https://johnsoncontrols.fluidtopics.net/viewer/document/o1t3Dl97k5Oyu~Y746MSWQ
CD-WAx-00-2 Installation Instruction 24-10863-9 Rev. A	https://johnsoncontrols.fluidtopics.net/viewer/document/9h3XTaaN01bZYin4d~cCwQ
CD-WAx-00-2 Installation Instruction 24-10863-9 Rev. A	https://johnsoncontrols.fluidtopics.net/viewer/document/gcPLAh1htdMXq65nVu40Hw
CD-WAx-00-2 Installation Instruction 24-10863-9 Rev. A	https://johnsoncontrols.fluidtopics.net/viewer/document/czott9GLup6o6SOEOe1MNg
CD-WAx-00-2 Installation Instruction 24-10863-9 Rev. A	https://johnsoncontrols.fluidtopics.net/viewer/document/9LOzy79cqy3fjMBAJA54Iw
CD-WAx-00-2 Installation Instruction 24-10863-9 Rev. A	https://johnsoncontrols.fluidtopics.net/viewer/document/s0HPE6yURTybzL1IMpVdHw
CD-WAx-00-2 Installation Instruction 24-10863-9 Rev. A	https://johnsoncontrols.fluidtopics.net/viewer/document/BC2gv2s~UMPbae3zCccZFw
CD-WAx-00-2 Installation Instruction 24-10863-9 Rev. A	https://johnsoncontrols.fluidtopics.net/viewer/document/EDeFJm~LEzoVuqrNSW69Lg
CD-WAx-00-2 Series Wall Mount CO2 and Temperature Transmitter Catalog Page	https://johnsoncontrols.fluidtopics.net/viewer/document/75XM5atwE3MAdbCUDoJLRA
CD-WAx-00-2 Series Wall Mount CO2 and Temperature Transmitters Product Bulletin	https://johnsoncontrols.fluidtopics.net/viewer/document/D9RBHEOi38QEGRcf1k12wQ
CD-WAx-00-2 Series Wall Mount CO2 and Temperature Transmitters Product Bulletin	https://johnsoncontrols.fluidtopics.net/viewer/document/fgDBtoEtXALJx9mf5PnPWg
CE Declaration of Conformity	https://johnsoncontrols.fluidtopics.net/viewer/document/2ALlbYsit1fwbNS~rI2KkA
CE Declaration of Conformity	https://johnsoncontrols.fluidtopics.net/viewer/document/s2IGEmEL9vCGp9fP3lvWBA
CE Declaration of Conformity	https://johnsoncontrols.fluidtopics.net/viewer/document/bwUUDHUbXA_~0lkiQx3p7g
CE Declaration of Conformity	https://johnsoncontrols.fluidtopics.net/viewer/document/GoyDRD5OlVlRDiXBZWJoRA
CE Declaration of Conformity	https://johnsoncontrols.fluidtopics.net/viewer/document/OoF0VIBJHYrgpe~6RwubQw
Commercial Comfort System (CCS) Variable Air Volume (VAV) Zone - Pressure Independent Controller Installation Instructions	https://johnsoncontrols.fluidtopics.net/viewer/document/kbwhWCPeYOb8IHnQ8nMyow
Commercial Comfort System (CCS) Variable Air Volume (VAV) Zone - Pressure Independent Controller Installation Instructions	https://johnsoncontrols.fluidtopics.net/viewer/document/I52yrJGUVoC0oJyITn8ITg
Commercial Comfort System (CCS) Variable Air Volume (VAV) Zone - Pressure Independent Controller Installation Instructions	https://johnsoncontrols.fluidtopics.net/viewer/document/TnXGRHL9B774U1M0cX~upQ
Commercial Comfort System (CCS) Variable Air Volume (VAV) Zone - Pressure Independent Controller Installation Instructions	https://johnsoncontrols.fluidtopics.net/viewer/document/t5za~Zl2OkU_DWzFJEyXOA
Commercial Comfort System (CCS) Variable Air Volume (VAV) Zone - Pressure Independent Controller Installation Instructions	https://johnsoncontrols.fluidtopics.net/viewer/document/x9Al8Hf_kT8egdIENAw_VQ
Commercial Comfort System (CCS) Variable Air Volume (VAV) Zone - Pressure Independent Controller Installation Instructions	https://johnsoncontrols.fluidtopics.net/viewer/document/13k0muux3Egoovg94MrhGw
Commercial Comfort System (CCS) Variable Air Volume (VAV) Zone - Pressure Independent Controller Installation Instructions	https://johnsoncontrols.fluidtopics.net/viewer/document/D4CjC6pfMWgXnB9P6nV0Cw
Commercial Comfort System (CCS) Variable Air Volume (VAV) Zone - Pressure Independent Controller Installation Instructions	https://johnsoncontrols.fluidtopics.net/viewer/document/hFNjk1kdFwYBASnWORrPoQ
Commercial Comfort System (CCS) Variable Air Volume (VAV) Zone - Pressure Independent Controller Installation Instructions	https://johnsoncontrols.fluidtopics.net/viewer/document/8hYs9r5eZh3D3my9b2l1QA
Controller Configuration Tool (CCT) Installation Instructions	https://johnsoncontrols.fluidtopics.net/viewer/document/XtlYBNSzY88vemAhgDQhnA
Controller Tool Help	https://johnsoncontrols.fluidtopics.net/viewer/document/lGAyVRovyBLjhD9ZOCeYQQ
Controller Tool Help	https://johnsoncontrols.fluidtopics.net/viewer/document/3vU~yz9aMbRGka0dz6UgRw
Controller Tools Catalog Page	https://johnsoncontrols.fluidtopics.net/viewer/document/hy16wOTDQOwUTrcR7y7itA
CSD Series Current Devices Catalog Page	https://johnsoncontrols.fluidtopics.net/viewer/document/mzbqVdeG5FBciroiGAnIEQ
CSDECM Current Switch Devices Catalog Page	https://johnsoncontrols.fluidtopics.net/viewer/document/r_3X~grzMbhL4E~wCOQSYw
CSDSC Current Switch Devices Catalog Page	https://johnsoncontrols.fluidtopics.net/viewer/document/y_AID3b_w8eUAwdxLIZQjA
CTD Series Current Transducer Devices Catalog Page	https://johnsoncontrols.fluidtopics.net/viewer/document/vF~S3mbi7__d3vN8folGng
CTD Series Current Transducer Devices Product Bulletin	https://johnsoncontrols.fluidtopics.net/viewer/document/rTygIW5lSV5vfIHncsRNMQ
Customer License Portal Help	https://johnsoncontrols.fluidtopics.net/viewer/document/PEB_hgFtnN1BsGWmvgCVLQ
D-4070 Two Stage Pneumatic Actuator Product/Technical Bulletin	https://johnsoncontrols.fluidtopics.net/viewer/document/LxoXmAk01g6ax_R_jKwRog
D-4070 Two Stage Pneumatic Actuator Product/Technical Bulletin	https://johnsoncontrols.fluidtopics.net/viewer/document/LxoXmAk01g6ax_R_jKwRog
Database Tools Commissioning Guide	https://johnsoncontrols.fluidtopics.net/viewer/document/tcE4LMqvBRKT9ASB4tn9hA
Database Tools Commissioning Guide	https://johnsoncontrols.fluidtopics.net/viewer/document/2unzhvgE60l7plKKHc7Q2Q
document_title	document_link
DPT-2015 Differential Pressure Transmitter for VAV Box Applications Product Bulletin	https://johnsoncontrols.fluidtopics.net/viewer/document/fkzuNV2PyVnDGt71pivu7g
DPT-2015 Series Differential Pressure Transmitter for VAV Box Applications Catalog Page	https://johnsoncontrols.fluidtopics.net/viewer/document/qmTUd5hykhCpkDxu~DH1Lg
DPT-2015-MNT Mounting Kit Installation Technical Bulletin	https://johnsoncontrols.fluidtopics.net/viewer/document/rE5KIqQN8MtT3p~_~T1pGg
Energy Essentials Installation Instructions	https://johnsoncontrols.fluidtopics.net/viewer/document/sT1YgNyTB0yJ92hLvDRYlg
EntraPass (W10) Kantech Installation Guide	https://johnsoncontrols.fluidtopics.net/viewer/document/gVnOZD2k514cbOVITkD_pg
EntraPass (W10) Kantech Installation Guide	https://johnsoncontrols.fluidtopics.net/viewer/document/gVnOZD2k514cbOVITkD_pg
EntraPass 7.10 Global Edition Service Pack Installation	https://johnsoncontrols.fluidtopics.net/viewer/document/V48d2ZFX56AJ4qpQmMFQ0w
EntraPass 7.10 Global Edition Service Pack Installation	https://johnsoncontrols.fluidtopics.net/viewer/document/V48d2ZFX56AJ4qpQmMFQ0w
EntraPass Corporate Edition Administration Guide	https://johnsoncontrols.fluidtopics.net/viewer/document/pxPQPNMck1qQagMP4GfLRw
EntraPass Corporate Edition Administration Guide	https://johnsoncontrols.fluidtopics.net/viewer/document/pxPQPNMck1qQagMP4GfLRw
EntraPass Corporate Edition Administration Guide	https://johnsoncontrols.fluidtopics.net/reader/tncg_gxjJ2AX~9semXfgLA/root
EntraPass Corporate Edition Administration Guide	https://johnsoncontrols.fluidtopics.net/reader/u~MfuMBgrQJrT6Z936erTw/root
EntraPass Corporate Edition Administration Guide	https://johnsoncontrols.fluidtopics.net/reader/_xN8v~_QZhl3lfPO4dCD3g/root
EntraPass Corporate Edition Administration Guide	https://johnsoncontrols.fluidtopics.net/reader/zq_k_EyX26Qp~7i5Z85n5Q/root
EntraPass Corporate Edition Reference Manual	https://johnsoncontrols.fluidtopics.net/viewer/document/KxKqfQYyPfCtKFuvVA20tQ
EntraPass Corporate Edition User Manual	https://johnsoncontrols.fluidtopics.net/viewer/document/2jdk_B3Pfy3mjumMVQDD_A
EntraPass Corporate Edition User Manual	https://johnsoncontrols.fluidtopics.net/viewer/document/hPAqzJRggA9V7OOykEndpA
EntraPass Global Edition Administration Guide	https://johnsoncontrols.fluidtopics.net/viewer/document/UwJE93hrmmiJ2g_udl9g1Q
EntraPass Global Edition Administration Guide	https://johnsoncontrols.fluidtopics.net/viewer/document/UwJE93hrmmiJ2g_udl9g1Q
EntraPass Global Edition Administration Guide	https://johnsoncontrols.fluidtopics.net/reader/mjoxglFQQPV~vZStsuuZXA/root
EntraPass Global Edition Administration Guide	https://johnsoncontrols.fluidtopics.net/reader/bmO5T2BH7n3ik03INXwhVQ/root
EntraPass Global Edition Administration Guide	https://johnsoncontrols.fluidtopics.net/reader/7eiSpBlYyML1yQY~m_6cqQ/root
EntraPass Global Edition Administration Guide	https://johnsoncontrols.fluidtopics.net/reader/1YzBOyg7YjQh4AeRSHPcrQ/root
EntraPass Global Edition Administration Guide	https://johnsoncontrols.fluidtopics.net/reader/0EjELAPCajgsQ9TTqka07g/root
EntraPass Global Edition User Manual	https://johnsoncontrols.fluidtopics.net/viewer/document/6zTKRNbhifUFglrFNN_XrQ
EntraPass hattrix Administration Guide	https://johnsoncontrols.fluidtopics.net/viewer/document/hyuHiSdGKOxMkASMYzdz7w
EntraPass hattrix Administration Guide	https://johnsoncontrols.fluidtopics.net/viewer/document/hyuHiSdGKOxMkASMYzdz7w
EntraPass hattrix Administration Guide	https://johnsoncontrols.fluidtopics.net/reader/ZNg2V5azsUqxlTL1F8lG5g/root
EntraPass hattrix Administration Guide	https://johnsoncontrols.fluidtopics.net/reader/t3B8XjRF0xp4M9FVxNfzgg/root
EntraPass hattrix Administration Guide	https://johnsoncontrols.fluidtopics.net/reader/0D8M45Z5CWSjZvzStaR4sg/root
EntraPass hattrix Administration Guide	https://johnsoncontrols.fluidtopics.net/reader/lbNELEEvvLHByszJEWQbMA/root
EntraPass hattrix Administration Guide	https://johnsoncontrols.fluidtopics.net/reader/gl8HSWq5KCPG_9JkMJ~loQ/root
EntraPass Special Edition Administration Guide	https://johnsoncontrols.fluidtopics.net/viewer/document/rVSYtBSAdmNpVCr0P0_aKA
EntraPass Special Edition Administration Guide	https://johnsoncontrols.fluidtopics.net/viewer/document/rVSYtBSAdmNpVCr0P0_aKA
EntraPass Special Edition Administration Guide	https://johnsoncontrols.fluidtopics.net/reader/CndI4~nJPypvl0xNtyGq1A/root
EntraPass Special Edition Administration Guide	https://johnsoncontrols.fluidtopics.net/reader/w5jfmK7_oxnFJ~oVgaBL3Q/root
EntraPass Special Edition Administration Guide	https://johnsoncontrols.fluidtopics.net/reader/E40VMtb_Yw1uDaBZRdEVQg/root
EntraPass Special Edition Administration Guide	https://johnsoncontrols.fluidtopics.net/reader/x8o9P3Yu0xAre779yioQcw/root
EntraPass Special Edition User Manual	https://johnsoncontrols.fluidtopics.net/viewer/document/7GwAekVo47dmL3Jba8MBog
EntraPass web User Manual	https://johnsoncontrols.fluidtopics.net/viewer/document/flEgXHsWsrsiPLtjdILRrg
EntraPass web User Manual	https://johnsoncontrols.fluidtopics.net/viewer/document/flEgXHsWsrsiPLtjdILRrg
EP-8000 Series Electro-Pneumatic Transducers Product/Technical Bulletin	https://johnsoncontrols.fluidtopics.net/viewer/document/6i7TeTkwjtc_RLqzH3xPdQ
exacq and KiwiVision Integration	https://johnsoncontrols.fluidtopics.net/viewer/document/C_bwGhRuk0dqvSRucK8arA
exacq and KiwiVision Integration	https://johnsoncontrols.fluidtopics.net/viewer/document/C_bwGhRuk0dqvSRucK8arA
Exacq Mobile User Manual	https://johnsoncontrols.fluidtopics.net/viewer/document/c2q8yMhYTu_F3m7q_iAedA
Exacq Mobile User Manual	https://johnsoncontrols.fluidtopics.net/reader/R7Il8wAV52fgldMc2IRRng/root
Exacq Mobile User Manual	https://johnsoncontrols.fluidtopics.net/reader/D40qkruKKPO9Dzm2EweW4Q/root
Exacq Mobile User Manual	https://johnsoncontrols.fluidtopics.net/reader/WoJ9EDIRqvdr1nuebpT5cw/root
exacqVision Client User Manual	https://johnsoncontrols.fluidtopics.net/viewer/document/UlwHzqAPir6RAs_0GYOupw
exacqVision Client User Manual	https://johnsoncontrols.fluidtopics.net/reader/vCp6cjnJB7AdOe279US~Ow/root
exacqVision Client User Manual	https://johnsoncontrols.fluidtopics.net/reader/hpRYNCZWAXnonnU~D3f_rw/root
exacqVision Client User Manual	https://johnsoncontrols.fluidtopics.net/reader/hpAy9fU9ZD6w8W3oocpDBA/root
exacqVision Client User Manual	https://johnsoncontrols.fluidtopics.net/reader/xHzBRESrXXf60X2eo_bp3A/root
exacqVision Connector	https://johnsoncontrols.fluidtopics.net/viewer/document/YHMJtXSivajbg0oYwDtfqw
exacqVision Connector	https://johnsoncontrols.fluidtopics.net/viewer/document/YHMJtXSivajbg0oYwDtfqw
exacqVision Enterprise Manager User Manual	https://johnsoncontrols.fluidtopics.net/viewer/document/x3zjbagb2Jf0vSMcU7nXHQ
exacqVision Enterprise Manager User Manual	https://johnsoncontrols.fluidtopics.net/reader/0PF2QSD~u9OIdWwj_QpWNA/root
exacqVision Enterprise Manager User Manual	https://johnsoncontrols.fluidtopics.net/reader/cy71VTIAWryXixfQ_MQ8RQ/root
exacqVision Enterprise Manager User Manual	https://johnsoncontrols.fluidtopics.net/reader/jsrp7smDmjA3dj5CimTAxw/root
exacqVision Enterprise Manager User Manual	https://johnsoncontrols.fluidtopics.net/reader/8IkWoT4OtJ~HhRXlOArB_w/root
exacqVision Enterprise VMS	https://johnsoncontrols.fluidtopics.net/viewer/document/42Xe9gZeRbcAkYgIIe0NIQ
exacqVision Enterprise VMS	https://johnsoncontrols.fluidtopics.net/viewer/document/42Xe9gZeRbcAkYgIIe0NIQ
exacqVision Integrator Services Portal User Manual	https://johnsoncontrols.fluidtopics.net/reader/IOUjt~WTzKd2Lb76wVn27g/root
exacqVision Integrator Services Portal User Manual	https://johnsoncontrols.fluidtopics.net/reader/Hn84Oj_evTsBmwp~dpTeVg/root
exacqVision Professional VMS	https://johnsoncontrols.fluidtopics.net/viewer/document/Nr7gA_ARIPRm~dbP4v1qdw
exacqVision Professional VMS	https://johnsoncontrols.fluidtopics.net/viewer/document/Nr7gA_ARIPRm~dbP4v1qdw
exacqVision Start User Manual	https://johnsoncontrols.fluidtopics.net/viewer/document/7GR_ZYnbUwn_6D6D0oYQ7w
exacqVision Start User Manual	https://johnsoncontrols.fluidtopics.net/viewer/document/ewUiTQS0CEcBql_hxo4tlw
exacqVision Start User Manual	https://johnsoncontrols.fluidtopics.net/reader/x2w1LuXiopz_kfwrRlLIJg/root
exacqVision Start User Manual	https://johnsoncontrols.fluidtopics.net/reader/qr8cF0ekeSPZwpiizI8NsA/root
exacqVision Start User Manual	https://johnsoncontrols.fluidtopics.net/reader/MlWzMx9mCMVGlplp8q55jQ/root
exacqVision Web Service Configuration	https://johnsoncontrols.fluidtopics.net/viewer/document/vBiyVApcCbhBkjbRqV7brg
exacqVision Web Service Configuration	https://johnsoncontrols.fluidtopics.net/reader/bGFTmL~_bpDARTXJxlJjSQ/root
exacqVision Web Service Configuration	https://johnsoncontrols.fluidtopics.net/reader/l5y6G_wcKAWW5ZxY~naT8w/root
FAC/IOM Standard Control Panel Subassembly Catalog Page	https://johnsoncontrols.fluidtopics.net/viewer/document/88YfDTM1g1gRnS75Z3JHMw
Facility Explorer Asset Protection Products Product Bulletin	https://johnsoncontrols.fluidtopics.net/viewer/document/~1wn9TD6Yj7SXA3UP5YdGg
Facility Explorer for Validated Environments (FX VE) Product Bulletin	https://johnsoncontrols.fluidtopics.net/viewer/document/X2ZWtxV~JvP4sc~OdNwp9A
Facility Explorer Network Room Modules Catalog Page	https://johnsoncontrols.fluidtopics.net/viewer/document/YR3cDA9exuG5ojb1nduJiA
Facility Explorer One-to-One Wireless Room Sensing System Catalog Page	https://johnsoncontrols.fluidtopics.net/viewer/document/iI2BDHbbjH8SZQdn3_qvcA
Facility Explorer One-to-One Wireless Room Sensing System Product Bulletin	https://johnsoncontrols.fluidtopics.net/viewer/document/ZJXhJ_DnlcghlcJnz_fbCA
Facility Explorer Supervisory Products Networking Technical Bulletin	https://johnsoncontrols.fluidtopics.net/viewer/document/btdYQcoWHgBuQY_G8NxY5w
Facility Explorer: FXZAN Zone Controller and Actuator Assembly Catalog Page	https://johnsoncontrols.fluidtopics.net/viewer/document/sYk_r6g11Onqx6i7BlLaig
Facility Explorer: LP-FXZAN13-0 Zone Controller and Actuator Assembly Installation Instructions	https://johnsoncontrols.fluidtopics.net/viewer/document/R6imOEoispz3lJs3DbC7IQ
FEC Standard Control Panel Assembly Mounted in a 16 in. x 20 in. Enclosure Catalog Page	https://johnsoncontrols.fluidtopics.net/viewer/document/qQDsFM3Rf5nKnkFH_txxUw
FEC Standard Control Panel Assembly Mounted in a 24 in. x 24 in. Enclosure Catalog Page	https://johnsoncontrols.fluidtopics.net/viewer/document/LZENjx3Xl6NZPlVDbLChJQ
FEC Standard Control Panel Subassembly for a 16 in. x 20 in. Enclosure Catalog Page	https://johnsoncontrols.fluidtopics.net/viewer/document/BBeCBYFnN_l6xGB6WlzV9w
FEC Standard Control Panel Subassembly for a 24 in. x 24 in. Enclosure Catalog Page	https://johnsoncontrols.fluidtopics.net/viewer/document/3qPksb72Cb08KiKPmSrA1A
FEC/IOM Standard Control Panel Assembly Mounted in a 20 in. x 24 in. Enclosure Catalog Page	https://johnsoncontrols.fluidtopics.net/viewer/document/tM2UPmMvTAwrGuftZCN0wQ
FEC/IOM Standard Control Panel Assembly Mounted in a 24 in. x 36 in. Enclosure Catalog Page	https://johnsoncontrols.fluidtopics.net/viewer/document/YjzXlu3nTccsjxUK0OdOWw
FEC/IOM Standard Control Panel Subassembly for a 20 in. x 24 in. Enclosure Catalog Page	https://johnsoncontrols.fluidtopics.net/viewer/document/2vbTvcUmhJQ6nHKnrneE_g
FEC/IOM Standard Control Panel Subassembly for a 24 in. x 36 in. Enclosure Catalog Page	https://johnsoncontrols.fluidtopics.net/viewer/document/KdVCH2hV5jsFLYNWMABIMw
FEC16 Extended Temperature Field Equipment Controller Installation Instructions	https://johnsoncontrols.fluidtopics.net/viewer/document/gsnjXyi9mm5I1bHsNc2FSg
FEC25 Field Equipment Controller Catalog Page	https://johnsoncontrols.fluidtopics.net/viewer/document/BxJRnIryF4Uqf~HwE48FKQ
FEC26 Extended Temperature Field Equipment Controller Installation Instructions	https://johnsoncontrols.fluidtopics.net/viewer/document/DzNuGFzGYBdnbTBmvlysyA
FX Input/Output (I/O) Modules – XM07 and XM14 Product Bulletin	https://johnsoncontrols.fluidtopics.net/viewer/document/ptIdNczNSH5vGUB7TD~efQ
FX Input/Output (I/O) Modules – XM07 and XM14 Technical Bulletin	https://johnsoncontrols.fluidtopics.net/viewer/document/VALQDBYLwy7zLAC0lwqeQw
FX Server Product Bulletin	https://johnsoncontrols.fluidtopics.net/viewer/document/2YC9yW5lxNPkhFPNyonCbg
FX Supervisory Controller LON Card Installation Instructions	https://johnsoncontrols.fluidtopics.net/viewer/document/i9L51unoPHyflU9bEpRGOA
FX Supervisory Controller Wireless TEC Option Card Installation Instructions	https://johnsoncontrols.fluidtopics.net/viewer/document/AHX5fcNfb0MdiuEwdIIJnw
FX Supervisory Controllers Modem Card Installation Instructions	https://johnsoncontrols.fluidtopics.net/viewer/document/Qc40~BA0T5gK7MqUg8xzMQ
FX Supervisory Controllers RS-232 Card Installation Instructions	https://johnsoncontrols.fluidtopics.net/viewer/document/LI8A6HKyKfGBHClHDM7LXA
FX Tools Express Catalog Page	https://johnsoncontrols.fluidtopics.net/viewer/document/hADaNbORLsENI4zzPn3G~A
FX Tools Express Software Package Product Bulletin	https://johnsoncontrols.fluidtopics.net/viewer/document/Bsil0Ef8Iyl3P9~G34XoDA
FX Tools Pro Software Package Catalog Page	https://johnsoncontrols.fluidtopics.net/viewer/document/rWQywK116i4iiXwm9E4nnw
FX Tools Pro Software Package Product Bulletin	https://johnsoncontrols.fluidtopics.net/viewer/document/AYwYfzEgAJPnIKn3MLgU6w
FX VMA Variable Air Volume (VAV) Box Controller Catalog Page	https://johnsoncontrols.fluidtopics.net/viewer/document/sWLUB2e6cnQOTU~hDgwCJw
FX05 Standard Control Panel Subassembly for a 12 in. x 16 in. Enclosure Product Bulletin	https://johnsoncontrols.fluidtopics.net/viewer/document/QU6H8JKaUQMvD4MkiSi4Wg
FX07 Field Controller Technical Bulletin	https://johnsoncontrols.fluidtopics.net/viewer/document/ljE684jw6W7hU1YvjPaPaw
FX15 Standard Control Panel Assembly Mounted in a 24 in. x 24 in. Enclosure Product Bulletin	https://johnsoncontrols.fluidtopics.net/viewer/document/ERoMjCJcSSPLnaNS6MEoZg
FX15 Standard Control Panel Assembly Mounted in a 24 in. x 36 in. Enclosure Product Bulletin	https://johnsoncontrols.fluidtopics.net/viewer/document/BIh_Bob3x26tqssnubM87Q
FX15 Standard Control Panel Subassembly for a 20 in. x 24 in. Enclosure Product Bulletin	https://johnsoncontrols.fluidtopics.net/viewer/document/biH2hC4WBwyehFTy6SmViw
FX15 Standard Control Panel Subassembly for a 24 in. x 24 in. Enclosure Product Bulletin	https://johnsoncontrols.fluidtopics.net/viewer/document/4LjGatvZhlUomQdW~7OhBQ
FX15 Standard Control Panel Subassembly for a 24 in. x 36 in. Enclosure Product Bulletin	https://johnsoncontrols.fluidtopics.net/viewer/document/Gw1p9AagqkoA158Q8IFhcg
FX16 Standard Control Panel Assembly Mounted in a 20 in. x 24 in. Enclosure Product Bulletin	https://johnsoncontrols.fluidtopics.net/viewer/document/riSl1haFrSZb0HvpBBcAWg
FX16 Standard Control Panel Assembly Mounted in a 24 in. x 24 in. Enclosure Product Bulletin	https://johnsoncontrols.fluidtopics.net/viewer/document/l_gHPeFLpeg18BZ9QO1v9g
FX16 Standard Control Panel Assembly Mounted in a 24 in. x 36 in. Enclosure Product Bulletin	https://johnsoncontrols.fluidtopics.net/viewer/document/yPdE_Sz8gap45kvA5sRmNA
FX16 Standard Control Panel Subassembly for a 20 in. x 24 in. Enclosure Product Bulletin	https://johnsoncontrols.fluidtopics.net/viewer/document/ktIQZDvnzdzIOmgZwUFuGQ
FX16 Standard Control Panel Subassembly for a 24 in. x 24 in. Enclosure Product Bulletin	https://johnsoncontrols.fluidtopics.net/viewer/document/LatxCQzmY9FJtzQiezMFYg
FX20/FX60 Standard Control Panel Assembly Mounted in a 12 in. x 16 in. Enclosure Catalog Page	https://johnsoncontrols.fluidtopics.net/viewer/document/Cur_uBU_~tENp1tYBUjcjw
FX20/FX60 Standard Control Panel Assembly Mounted in a 12 in. x 36 in. Enclosure Catalog Page	https://johnsoncontrols.fluidtopics.net/viewer/document/~VB94~_yTHZ~C_rycA4JCA
FX20/FX60 Supervisory Controllers Installation Instructions	https://johnsoncontrols.fluidtopics.net/viewer/document/QS42IAD7Ga3TYt59sslfPA
FX22/FX62 Supervisory Controller GPRS Modem Option Card Installation Instructions	https://johnsoncontrols.fluidtopics.net/viewer/document/KgRbHXQHYbpFeqyFDIHT2Q
FX22/FX62 Supervisory Controllers Installation Instructions	https://johnsoncontrols.fluidtopics.net/viewer/document/n~OiIEw4dO_2cbUvl12Ycg
FX40 Supervisory Controller Product Bulletin	https://johnsoncontrols.fluidtopics.net/viewer/document/ZZp6ezozMSTPLMiEnZKzcQ
FX70 - Wi-Fi Card Installation Instructions	https://johnsoncontrols.fluidtopics.net/viewer/document/n6lNjO7zxLjR6tdxDahShg
FX70 Supervisory Controller Installation Instructions	https://johnsoncontrols.fluidtopics.net/viewer/document/gBss23ZR1ugHLdMpNbg4MA
FX80 Supervisory Controller Control Panel Assembly Catalog Page	https://johnsoncontrols.fluidtopics.net/viewer/document/xSE0XV6n1QRykdDPkHFNYg
FX-DIS Local Controller Display Technical Bulletin	https://johnsoncontrols.fluidtopics.net/viewer/document/MWsWs0sIcbg_t0tiCERESw
FX-PCA Standard Control Panel Assembly with MAP Gateway Catalog Page	https://johnsoncontrols.fluidtopics.net/viewer/document/Osft7UC45qt6eHuXGo_VmA
FX-PCA/FX-PCX Standard Control Panel Assembly Catalog Page	https://johnsoncontrols.fluidtopics.net/viewer/document/ky5lKOkH3wWLodpL3Y_nkA
FX-PCT Installation Instructions	https://johnsoncontrols.fluidtopics.net/viewer/document/QHI6YYRC6vyMZLJ6orEKEw
FXRIO16 Remote Input/Output (I/O) Module Installation Instructions	https://johnsoncontrols.fluidtopics.net/viewer/document/U7f7Nq4UClXZQA0LOvRnSA
FXVMA Installation Instructions	https://johnsoncontrols.fluidtopics.net/viewer/document/vBysWEFIwCwwrXqW0Nu14g
FXVMA Variable Air Volume (VAV) Box Controller Product Bulletin	https://johnsoncontrols.fluidtopics.net/viewer/document/xNJCOtt5rW~zkSHdpzWu0g
FXVMA VAV Box Controller Technical Bulletin	https://johnsoncontrols.fluidtopics.net/viewer/document/CjHeCWjFeyHkYQ1EB_Dr7Q
FX-WRZRMT10K-0 Wireless Remote Temperature Transmitter Catalog Page	https://johnsoncontrols.fluidtopics.net/viewer/document/b1YYAEzgpCgBRmdQpF6zCA
FX-WRZRMT10K-0 Wireless Remote Temperature Transmitter Product Bulletin	https://johnsoncontrols.fluidtopics.net/viewer/document/5lNZIsIStU_K56Mx1VCcww
FX-WRZSST-110 Wireless Sensing System Tool Installation Instructions	https://johnsoncontrols.fluidtopics.net/viewer/document/SV_qHWDMO69HO17SjOjRug
FX-WRZSTR00 Wireless Refrigerator/Freezer Temperature Transmitter and Probe Assembly Installation Instructions	https://johnsoncontrols.fluidtopics.net/viewer/document/jL8bTiVxmLf97qo4_hGHyw
FX-WRZSTRxx-0 Series Wireless Refrigerator/Freezer Temperature Transmitter and Probe Assemblies Catalog Page	https://johnsoncontrols.fluidtopics.net/viewer/document/GoUBqlyHwDEeYNfSq9vitA
FX-WRZTTB00-5 Handheld Temperature Room Sensor Catalog Page	https://johnsoncontrols.fluidtopics.net/viewer/document/cYgjsKm3nFq4tmlBazcl4A
FX-WRZTTB00-5 Handheld Temperature Room Sensor Product Bulletin	https://johnsoncontrols.fluidtopics.net/viewer/document/J7GmJXZmilDyVHt2Rfu2Gg
FX-ZFR Series Wireless Field Bus System Technical Bulletin	https://johnsoncontrols.fluidtopics.net/viewer/document/nRoPMR~z_iSAsKSRn6bHZw
FX-ZFR1810 Wireless Field Bus Coordinator Installation Instructions	https://johnsoncontrols.fluidtopics.net/viewer/document/upNXDJvuyEpMo7IJIC15pg
Graphics Conversion Utility (GCU) Technical Bulletin	https://johnsoncontrols.fluidtopics.net/viewer/document/IxCXcNLuanGibSlp~ji_Lw
H-3610 Duct Mounted Humidity Instrument Controller or High Limit Product Bulletin	https://johnsoncontrols.fluidtopics.net/viewer/document/2PBbqMUUC5sVTrIx_gC_Lg
H-5210 Pneumatic Duct Humidity Transmitter Product Bulletin	https://johnsoncontrols.fluidtopics.net/viewer/document/xxy7ZgglMFSNDBSzAzNDEA
"H-5500, H-5502 Pneumatic Humidity Indicators Catalog Page"	https://johnsoncontrols.fluidtopics.net/viewer/document/yiqk_a5RECI1gWykIB735Q
HE-6800 Series Humidity Transmitters with Temperature Sensor Catalog Page	https://johnsoncontrols.fluidtopics.net/viewer/document/Y~~piqXZrErxddwr8sRjtg
HE-6800 Series Humidity Transmitters with Temperature Sensor Installation Instructions HE-68xx-xN00WS	https://johnsoncontrols.fluidtopics.net/viewer/document/n~iw2TC_7vhcsvE9Rm2tAg
HE-6800 Series Humidity Transmitters with Temperature Sensor Installation Instructions HE-68xx-xN00WS	https://johnsoncontrols.fluidtopics.net/viewer/document/JzuxUNd9kiWI45j5I6JhXQ
HE-6800 Series Humidity Transmitters with Temperature Sensor Product Bulletin HE-68xx-xN00WS	https://johnsoncontrols.fluidtopics.net/viewer/document/wtAd7YdWzEXTqdmxNHmTpA
HE-6800 Series Humidity Transmitters with Temperature Sensor Product Bulletin HE-68xx-xN00WS	https://johnsoncontrols.fluidtopics.net/viewer/document/_GNiX8lymj5NMZNR9l03kA
Hx-67x3 Series Outdoor Relative Humidity Transmitter Catalog Page	https://johnsoncontrols.fluidtopics.net/viewer/document/hncXdO_XeGgtwjRPk6fuSA
Hx-67x3 Series Outdoor Relative Humidity Transmitter Product Bulletin	https://johnsoncontrols.fluidtopics.net/viewer/document/XUcNsFHov97a7xxWfm8ONw
Hx-68P3 Series Outside Humidity and Temperature Transmitters Catalog Page	https://johnsoncontrols.fluidtopics.net/viewer/document/gb9qI8dSVZ~T~IPE2YEZkQ
Hx-68P3 Series Outside Humidity and Temperature Transmitters Installation Instructions	https://johnsoncontrols.fluidtopics.net/viewer/document/uTqBts88gBilZfRVXtkdsQ
Hx-68P3 Series Outside Humidity and Temperature Transmitters Installation Instructions	https://johnsoncontrols.fluidtopics.net/viewer/document/xlSYBo~gAQ2acAmDyScFOg
Hx-68P3 Series Outside Humidity and Temperature Transmitters Product Bulletin	https://johnsoncontrols.fluidtopics.net/viewer/document/HVpOIsn0ZHuwS~KAqInGWA
Hx-68P3 Series Outside Humidity and Temperature Transmitters Product Bulletin	https://johnsoncontrols.fluidtopics.net/viewer/document/hcDfVivI8uPNjoN29OqVTA
Installation and Configuration Guide	https://johnsoncontrols.fluidtopics.net/viewer/document/fUb5nW~LKUdJgbjp_LQ6Tg
Installation and Configuration Guide	https://johnsoncontrols.fluidtopics.net/viewer/document/fUb5nW~LKUdJgbjp_LQ6Tg
IP Fisheye Camera/Video Management System	https://johnsoncontrols.fluidtopics.net/viewer/document/6tN_ICW699afn66_yv42fA
IP Fisheye Camera/Video Management System	https://johnsoncontrols.fluidtopics.net/viewer/document/6tN_ICW699afn66_yv42fA
IZ Security and exacqVision Integration	https://johnsoncontrols.fluidtopics.net/viewer/document/jzJJH0_jWn4A_YrLXtQJVQ
IZ Security and exacqVision Integration	https://johnsoncontrols.fluidtopics.net/viewer/document/jzJJH0_jWn4A_YrLXtQJVQ
JCI Data Sheet A4 Template Rev. 00	https://johnsoncontrols.fluidtopics.net/viewer/document/7q7GF3wekibMmQ5lg12LuQ
JCI Data Sheet A4 Template Rev. 00	https://johnsoncontrols.fluidtopics.net/viewer/document/~qjLY5bc11VDQSrolhNIeQ
JCI Data Sheet A4 Template Rev. 01	https://johnsoncontrols.fluidtopics.net/viewer/document/cmUFplyODN6v_Ani3Nzzlg
JCI Data Sheet A4 Template Rev. 01	https://johnsoncontrols.fluidtopics.net/viewer/document/emLK_TtFjoJZLnRS0znsQw
JCI Data Sheet A4 Template Rev. 01	https://johnsoncontrols.fluidtopics.net/viewer/document/dtoi36x9XsAuQhH6wNAPPA
JCI Data Sheet A4 Template Rev. 01	https://johnsoncontrols.fluidtopics.net/viewer/document/RH_VakMwyF4C8EkR6m0sow
JCI Data Sheet A4 Template Rev. 02	https://johnsoncontrols.fluidtopics.net/viewer/document/8unJ6Bc0dw5dmRiNOTqgxA
JCI Data Sheet A4 Template Rev. 02	https://johnsoncontrols.fluidtopics.net/viewer/document/aCoJ1b7oUSl2Gjoksmsfag
JCI Data Sheet A4 Template Rev. 02	https://johnsoncontrols.fluidtopics.net/viewer/document/hBCKujxAY2ObrCoqtvDWmQ
JCI Data Sheet A4 Template Rev. 02	https://johnsoncontrols.fluidtopics.net/viewer/document/mWN6Nyxk1NKQ~NlvkX4Ttg
JCI Data Sheet A4 Template Rev. 02	https://johnsoncontrols.fluidtopics.net/viewer/document/7T_jxEwII2JEoIrxbnsPqw
JCI Data Sheet A4 Template Rev. 02	https://johnsoncontrols.fluidtopics.net/viewer/document/l6PzwtF1YpCex5v9Q55KzA
JCI Data Sheet A4 Template Rev. 02	https://johnsoncontrols.fluidtopics.net/viewer/document/aoMFx_OlQGi_vQUV7wLmyQ
JCI Data Sheet A4 Template Rev. 02	https://johnsoncontrols.fluidtopics.net/viewer/document/GN3vfWJHWR81h_N~F6DsxA
JCI Data Sheet A4 Template Rev. 02	https://johnsoncontrols.fluidtopics.net/viewer/document/quGEwYX_ym_3OChziqgNeA
JCI Data Sheet A4 Template Rev. 02	https://johnsoncontrols.fluidtopics.net/viewer/document/6M8yG6gE8dNMdACchwEWdg
JCI Data Sheet A4 Template Rev. 02	https://johnsoncontrols.fluidtopics.net/viewer/document/phxynWfly07ZFOn1vydM9w
JCI Data Sheet A4 Template Rev. 02	https://johnsoncontrols.fluidtopics.net/viewer/document/45v5AUffyGT0oCj~7n6ojw
JCI Data Sheet A4 Template Rev. 02	https://johnsoncontrols.fluidtopics.net/viewer/document/ZVgpPJh~HkC1I_Ce7brVqw
JCI Data Sheet A4 Template Rev. 02	https://johnsoncontrols.fluidtopics.net/viewer/document/Msa2jA_v7pwx5O2MMhQ2iA
JCI Data Sheet A4 Template Rev. 02	https://johnsoncontrols.fluidtopics.net/viewer/document/XXNiBzDoFNRuVWv1oTcW2g
JCI Data Sheet A4 Template Rev. 02	https://johnsoncontrols.fluidtopics.net/viewer/document/QMdVEEhpiBxeQBUD0eE4cg
JCI Data Sheet A4 Template Rev. 02	https://johnsoncontrols.fluidtopics.net/viewer/document/vHEhte0tv8VWvCZms6xyrA
JCI Data Sheet A4 Template Rev. 02	https://johnsoncontrols.fluidtopics.net/viewer/document/lOk_Q82EPVeFBN75NpMD5g
JCI Data Sheet A4 Template Rev. 02	https://johnsoncontrols.fluidtopics.net/viewer/document/Uv_DJhtt8UipL6gvMd28zg
JCI Data Sheet A4 Template Rev. 02	https://johnsoncontrols.fluidtopics.net/viewer/document/ZzaGgpdTu4Fhm2eSbhrfww
JCI Data Sheet A4 Template Rev. 02	https://johnsoncontrols.fluidtopics.net/viewer/document/uexfHYbOPAkN6ffqHxeQTg
JCI Data Sheet A4 Template Rev. 02	https://johnsoncontrols.fluidtopics.net/viewer/document/GVC2wJ5hfQyoxnOWL9OEQg
JCI Data Sheet A4 Template Rev. 02	https://johnsoncontrols.fluidtopics.net/viewer/document/DO5zcBwrWEDk143Sx7Arrg
JCI Data Sheet A4 Template Rev. 02	https://johnsoncontrols.fluidtopics.net/viewer/document/FFYVDoOdHRCYzXU~R9Aa8w
JCI Data Sheet A4 Template Rev. 02	https://johnsoncontrols.fluidtopics.net/viewer/document/McjSW4Mpet4W0bTPqngm8Q
JCI Data Sheet A4 Template Rev. 02	https://johnsoncontrols.fluidtopics.net/viewer/document/2_JomJkYR5smMrIm2GSUjQ
JCI Data Sheet A4 Template Rev. 02	https://johnsoncontrols.fluidtopics.net/viewer/document/u0jqJROEaAv1DzifVAo5NA
JCI Data Sheet A4 Template Rev. 02	https://johnsoncontrols.fluidtopics.net/viewer/document/PfyZpLXYTb740yUvjvwWnQ
JCI Data Sheet A4 Template Rev. 02	https://johnsoncontrols.fluidtopics.net/viewer/document/fa8WjlPItxB7QVZMdn4MkQ
JCI Data Sheet A4 Template Rev. 02	https://johnsoncontrols.fluidtopics.net/viewer/document/_1rd5tz0F_QEjsTVEUsxMg
JCI Data Sheet A4 Template Rev. 02	https://johnsoncontrols.fluidtopics.net/viewer/document/PcfuWk7wIy4L_Unrfo670A
JCI Data Sheet A4 Template Rev. 02	https://johnsoncontrols.fluidtopics.net/viewer/document/ZshnoWcSXLIgR2bVTI64VA
JCI Data Sheet A4 Template Rev. 02	https://johnsoncontrols.fluidtopics.net/viewer/document/LQjfzInoDNEHLATtKgUhmQ
JCI Data Sheet A4 Template Rev. 02	https://johnsoncontrols.fluidtopics.net/viewer/document/GX1T5HrmCm4dzEXBkMPxAw
JCI Data Sheet A4 Template Rev. 02	https://johnsoncontrols.fluidtopics.net/viewer/document/9O56qRwu01RTuHKT45sk1Q
JCI Data Sheet A4 Template Rev. 02	https://johnsoncontrols.fluidtopics.net/viewer/document/p0m6nRXqWD0r1OO2~4zy8g
JCI Data Sheet A4 Template Rev. 02	https://johnsoncontrols.fluidtopics.net/viewer/document/eDN5MLjdSlIbywG2aN5LlQ
JCI Data Sheet A4 Template Rev. 02	https://johnsoncontrols.fluidtopics.net/viewer/document/O85fDLYwbcJAm~pKEXVXLw
JCI Data Sheet A4 Template Rev. 02	https://johnsoncontrols.fluidtopics.net/viewer/document/Kyayrwc0mjICUrbxwU_x4Q
JCI Data Sheet A4 Template Rev. 02	https://johnsoncontrols.fluidtopics.net/viewer/document/zjbCeBIOnGJPWnN3h8m6Pg
JCI Data Sheet A4 Template Rev. 02	https://johnsoncontrols.fluidtopics.net/viewer/document/0~_KlcmCQzUOezIFFVcnCg
JCI Data Sheet A4 Template Rev. 02	https://johnsoncontrols.fluidtopics.net/viewer/document/P7hI3sNcZJqvj6mFwdGTCA
JCI Data Sheet A4 Template Rev. 02	https://johnsoncontrols.fluidtopics.net/viewer/document/y3ohTdkCiF04kohnacr3eQ
JCI Data Sheet A4 Template Rev. 02	https://johnsoncontrols.fluidtopics.net/viewer/document/E6NPAg2IHPHl1BiT~kJjZQ
JCI Data Sheet A4 Template Rev. 02	https://johnsoncontrols.fluidtopics.net/viewer/document/StrwwSeV14AUWJFEFBTtnw
JCI Data Sheet A4 Template Rev. 02	https://johnsoncontrols.fluidtopics.net/viewer/document/GiX8zOyRd06GOjgb2fnGhQ
JCI Data Sheet A4 Template Rev. 02	https://johnsoncontrols.fluidtopics.net/viewer/document/8gbUDsSpxWC21ku4zVJeHA
JCI Data Sheet A4 Template Rev. 02	https://johnsoncontrols.fluidtopics.net/viewer/document/Ipfwibdmw6niPF7ElVmtHA
JCI Data Sheet A4 Template Rev. 02	https://johnsoncontrols.fluidtopics.net/viewer/document/2URZ1bm_9bsCp5xjLuFD2Q
JCI Data Sheet A4 Template Rev. 02	https://johnsoncontrols.fluidtopics.net/viewer/document/kfQOKtWTOyApEzl9irMAAw
JCI Data Sheet A4 Template Rev. 02	https://johnsoncontrols.fluidtopics.net/viewer/document/xwUwQZTiI9~3CrM3LzPFBg
JCI Data Sheet A4 Template Rev. 02	https://johnsoncontrols.fluidtopics.net/viewer/document/oJeoYslBV4MvBpXU63P~cw
JCI Data Sheet A4 Template Rev. 02	https://johnsoncontrols.fluidtopics.net/viewer/document/mfGVA40M87iU1vzVcEjz2Q
JCI Data Sheet A4 Template Rev. 02	https://johnsoncontrols.fluidtopics.net/viewer/document/FGGnEnmqWcwR~0mZvo7NcQ
JCI Data Sheet A4 Template Rev. 02	https://johnsoncontrols.fluidtopics.net/viewer/document/vgquA0a6a5vqvea4HU2row
JCI Data Sheet A4 Template Rev. 02	https://johnsoncontrols.fluidtopics.net/viewer/document/djq1I07z33LFHRYom9XX_Q
JCI Data Sheet A4 Template Rev. 02	https://johnsoncontrols.fluidtopics.net/viewer/document/0WzVy9EwoZIPYednYT8xBQ
JCI Data Sheet A4 Template Rev. 02	https://johnsoncontrols.fluidtopics.net/viewer/document/q04xJshHOS1II4XishjJsA
JCI Data Sheet A4 Template Rev. 02	https://johnsoncontrols.fluidtopics.net/viewer/document/KU1Z833y6TjuHjgPGAT47Q
JCI Data Sheet A4 Template Rev. 02	https://johnsoncontrols.fluidtopics.net/viewer/document/mcltFaLqgxNdajCQ_Ul~iA
JCI Data Sheet A4 Template Rev. 02	https://johnsoncontrols.fluidtopics.net/viewer/document/pQp5WsuBDhZkTnBufOeXng
JCI Data Sheet A4 Template Rev. 02	https://johnsoncontrols.fluidtopics.net/viewer/document/XQcbxn2E6FHN4zHGh9WJcg
JCI Data Sheet A4 Template Rev. 02	https://johnsoncontrols.fluidtopics.net/viewer/document/pYrgSihlxpe0dbpzc_~63A
JCI Data Sheet A4 Template Rev. 02	https://johnsoncontrols.fluidtopics.net/viewer/document/3r7KR9aqW1ltozpN~tlkpA
JCI Data Sheet A4 Template Rev. 02	https://johnsoncontrols.fluidtopics.net/viewer/document/_mR0n8dJIS4tSIhg4zdTIw
JCI Data Sheet A4 Template Rev. 02	https://johnsoncontrols.fluidtopics.net/viewer/document/nVlJB~8hq1oX42TJQZQ~qg
JCI Data Sheet A4 Template Rev. 02	https://johnsoncontrols.fluidtopics.net/viewer/document/6e8kese8qoEKZFvWFYJNmw
JCI Data Sheet A4 Template Rev. 02	https://johnsoncontrols.fluidtopics.net/viewer/document/wImTr_azOSgAqsejye1ZKA
JCI Data Sheet A4 Template Rev. 02	https://johnsoncontrols.fluidtopics.net/viewer/document/0RKTmWXHAFfl54_jr2SdtA
JCI Data Sheet A4 Template Rev. 02	https://johnsoncontrols.fluidtopics.net/viewer/document/92w_MIWDuh0UdXr22gc7ZA
JCI Data Sheet A4 Template Rev. 02	https://johnsoncontrols.fluidtopics.net/viewer/document/xDyxNnQxx6dHgnpfbEng~g
JCI Data Sheet A4 Template Rev. 02	https://johnsoncontrols.fluidtopics.net/viewer/document/ujUJUvNgMmrTGYnJ7Kl~PQ
JCI Data Sheet A4 Template Rev. 02	https://johnsoncontrols.fluidtopics.net/viewer/document/M44sJ1assUAllAUxHOs8DA
JCI Data Sheet A4 Template Rev. 02	https://johnsoncontrols.fluidtopics.net/viewer/document/Hl4g_mqP9H24PSvjWea3wA
JCI Data Sheet A4 Template Rev. 02	https://johnsoncontrols.fluidtopics.net/viewer/document/mZhLsQQbhhIZYGGyjXAiSA
JCI Data Sheet A4 Template Rev. 02	https://johnsoncontrols.fluidtopics.net/viewer/document/cXFkdgD~p_IeyfniVz364w
JCI Data Sheet A4 Template Rev. 02	https://johnsoncontrols.fluidtopics.net/viewer/document/LoylJKLWD3oVAWk2AYZxMg
JCI Data Sheet A4 Template Rev. 02	https://johnsoncontrols.fluidtopics.net/viewer/document/755OfDik13oBAVchj2~LNw
JCI Data Sheet A4 Template Rev. 02	https://johnsoncontrols.fluidtopics.net/viewer/document/npGpl317G59dK1BVFNhPlw
JCI Data Sheet A4 Template Rev. 02	https://johnsoncontrols.fluidtopics.net/viewer/document/mgxoxNZcVDB~BgrM6gIGmQ
JCI Data Sheet A4 Template Rev. 02	https://johnsoncontrols.fluidtopics.net/viewer/document/0DxIlfPN3PTVTCxgVrVOXw
JCI Data Sheet A4 Template Rev. 02	https://johnsoncontrols.fluidtopics.net/viewer/document/X2AbVQjDshRxmacw_cpvgw
JCI Data Sheet A4 Template Rev. 02	https://johnsoncontrols.fluidtopics.net/viewer/document/JvCQDTRHIde8bD1lEAhmAw
JCI Data Sheet A4 Template Rev. 02	https://johnsoncontrols.fluidtopics.net/viewer/document/M~SjZKmCnsTN29hMUyd3EQ
JCI Data Sheet A4 Template Rev. 02	https://johnsoncontrols.fluidtopics.net/viewer/document/qdCbBh6BRnIvsfM7QJnvIA
JCI Data Sheet A4 Template Rev. 02	https://johnsoncontrols.fluidtopics.net/viewer/document/yIGxcmVIJrUNpQh8Z8EgDw
JCI Data Sheet A4 Template Rev. 02	https://johnsoncontrols.fluidtopics.net/viewer/document/2pP_NeYyAYFHFia~hxWByw
JCI Data Sheet A4 Template Rev. 02	https://johnsoncontrols.fluidtopics.net/viewer/document/jmO6bw7CRxd3s9KtleF7zA
JCI Data Sheet A4 Template Rev. 02	https://johnsoncontrols.fluidtopics.net/viewer/document/QRYoDQX67kEpGcnE~zCJWw
JCI Data Sheet A4 Template Rev. 02	https://johnsoncontrols.fluidtopics.net/viewer/document/e5AahDjEmzHIbOjCC4DheQ
JCI Data Sheet A4 Template Rev. 02	https://johnsoncontrols.fluidtopics.net/viewer/document/LZZr0OJSnpQXx1RiJ7_keg
JCI Data Sheet A4 Template Rev. 06	https://johnsoncontrols.fluidtopics.net/viewer/document/sUT23k9M222E97zI~coEsA
JCI Data Sheet A4 Template Rev. 06	https://johnsoncontrols.fluidtopics.net/viewer/document/C6WmWdknDxsTLSxSE2z2QA
JCI Data Sheet A4 Template Rev. 06	https://johnsoncontrols.fluidtopics.net/viewer/document/0kwW1xUUuFZm4YPmhDRakg
JCI Data Sheet A4 Template Rev. 07	https://johnsoncontrols.fluidtopics.net/viewer/document/G4b6owIaj_1sTu~flCuxKw
JCI Data Sheet A4 Template Rev. 07	https://johnsoncontrols.fluidtopics.net/viewer/document/r0j1tSZHCW4Ree9R4Bs~wg
JCI Data Sheet A4 Template Rev. 07	https://johnsoncontrols.fluidtopics.net/viewer/document/sltPKs18Vom43ZZSX6co0g
JCI Data Sheet A4 Template Rev. 07	https://johnsoncontrols.fluidtopics.net/viewer/document/cZLKBjevEtEF5oMkBfpj3g
JCI Data Sheet A4 Template Rev. 07	https://johnsoncontrols.fluidtopics.net/viewer/document/bWgeVOf1sn53a8Cu9~mTTA
JCI Data Sheet A4 Template Rev. 07	https://johnsoncontrols.fluidtopics.net/viewer/document/8t4o4~OOQNqUke_kmVMbXw
JCI Data Sheet A4 Template Rev. 07	https://johnsoncontrols.fluidtopics.net/viewer/document/IRLngr49awR7vsL4upqEog
JCI Data Sheet A4 Template Rev. 07	https://johnsoncontrols.fluidtopics.net/viewer/document/SLRLri0zPnahqe2rrxOayg
JCI Data Sheet A4 Template Rev. 07	https://johnsoncontrols.fluidtopics.net/viewer/document/NQqrwL_xoFU7Oo5fr0EXMw
JCI Data Sheet A4 Template Rev. 07	https://johnsoncontrols.fluidtopics.net/viewer/document/nD662faBXh55R0FnXJNXMw
JCI Data Sheet A4 Template Rev. 07	https://johnsoncontrols.fluidtopics.net/viewer/document/4aXXjPx~LvKj3BNioA0olg
JCI Data Sheet A4 Template Rev. 07	https://johnsoncontrols.fluidtopics.net/viewer/document/qNrqn8EU6mDQebYxisvW5A
JCI Data Sheet A4 Template Rev. 07	https://johnsoncontrols.fluidtopics.net/viewer/document/SBx7rSb6V9Mr1xkxY46K_g
JCI Data Sheet A4 Template Rev. 07	https://johnsoncontrols.fluidtopics.net/viewer/document/eDl28mm34ffg8JjsOdORdQ
JCI Data Sheet A4 Template Rev. 07	https://johnsoncontrols.fluidtopics.net/viewer/document/I8iU17qbLEK3HIxhYGm6~w
JCI Data Sheet A4 Template Rev. 07	https://johnsoncontrols.fluidtopics.net/viewer/document/iG99OUXud6yOGF6iDK1fBg
JCI Data Sheet A4 Template Rev. 07	https://johnsoncontrols.fluidtopics.net/viewer/document/xat4v3MqI2DMC7Rt1m8rZg
JCI Data Sheet A4 Template Rev. 07	https://johnsoncontrols.fluidtopics.net/viewer/document/G8hkHPt1BrrZp0GMh9UDzg
JCI Data Sheet A4 Template Rev. 07	https://johnsoncontrols.fluidtopics.net/viewer/document/N9iJPN15oaTlsy8fsdKjYw
JCI Data Sheet A4 Template Rev. 07	https://johnsoncontrols.fluidtopics.net/viewer/document/w6Y4HXXmJBOjfjOaQVkSRg
JCI datablad A4 mal Rev. 02	https://johnsoncontrols.fluidtopics.net/viewer/document/LuPT~6r6EyjlEKg~z6Ajsw
JCI datablad A4 mal Rev. 02	https://johnsoncontrols.fluidtopics.net/viewer/document/8Br4IFD1vqERqfw8G4glSA
JCI datablad A4 mal Rev. 02	https://johnsoncontrols.fluidtopics.net/viewer/document/HSRHmB1UiqLKliydscz9dQ
JCI datablad A4 mal Rev. 02	https://johnsoncontrols.fluidtopics.net/viewer/document/LRkAYnq6Linz1B30u23Y0A
JCI datablad A4 mal Rev. 02	https://johnsoncontrols.fluidtopics.net/viewer/document/A99cJMaBn6xUoYezJJa1Fg
JCI datablad A4 mal Rev. 02	https://johnsoncontrols.fluidtopics.net/viewer/document/5sAHhnACPwWXHlz74~1ymg
JCI datablad A4 mal Rev. 02	https://johnsoncontrols.fluidtopics.net/viewer/document/93zsvbaMK9XTT0mSUifJBw
JCI-datablad A4 rev. av mal 02	https://johnsoncontrols.fluidtopics.net/viewer/document/5sJU~_amFUQVg5pbF9WBZw
JCI-datablad A4 rev. av mal 02	https://johnsoncontrols.fluidtopics.net/viewer/document/mwDN~ADGgeaikPzX5fyStA
JCI-datablad A4 rev. av mal 02	https://johnsoncontrols.fluidtopics.net/viewer/document/dPjSaFs1fYHlOrx7qef1Xw
JCI-datablad A4 rev. av mal 02	https://johnsoncontrols.fluidtopics.net/viewer/document/MJ1jHJuy56x2X4fs7pv_5Q
Johnson Controls® Enterprise Management	https://johnsoncontrols.fluidtopics.net/reader/NMX6Glz8cm0Ih97mvymP8g/root
Johnson Controls® Enterprise Management	https://johnsoncontrols.fluidtopics.net/reader/HolF8uBCOukfQ5PchZupIA/root
Language Installation Program Help	https://johnsoncontrols.fluidtopics.net/viewer/document/7nRDVXgEZmo49F9dSJjLOA
Language Installation Program Help	https://johnsoncontrols.fluidtopics.net/viewer/document/mHkTJEnmXoLBfxKqYHhcow
Language Installation Program Installation Instructions	https://johnsoncontrols.fluidtopics.net/viewer/document/0W3FsVsgmad8h60bL1kQDw
Language Installation Program Installation Instructions	https://johnsoncontrols.fluidtopics.net/viewer/document/aPLJgWPhWe0Ss_LvuKuwfw
LCS85 Commissioning Guide	https://johnsoncontrols.fluidtopics.net/viewer/document/I58466v90O48PHbuFhjfFw
LCS85 Commissioning Guide	https://johnsoncontrols.fluidtopics.net/viewer/document/dWRk1RH6QyT76TskOrtnPw
LCS85 Installation and Upgrade Instructions	https://johnsoncontrols.fluidtopics.net/viewer/document/VDYxdYHKO2e10z7G_nXN1w
LCS85 Installation and Upgrade Instructions	https://johnsoncontrols.fluidtopics.net/viewer/document/zf5NyN74A10uzAsu3SMC5w
LCS85 Product Bulletin	https://johnsoncontrols.fluidtopics.net/viewer/document/_p_oikKi_l2AvkUTegsUuw
LCS85 Turnkey User's Guide	https://johnsoncontrols.fluidtopics.net/viewer/document/GrE6QmuGNpL6~ekPXQXW0w
LC-Series Quick Start Guide	https://johnsoncontrols.fluidtopics.net/viewer/document/X2BGm8AiXZs6aFo_qABAYA
LC-Series Quick Start Guide	https://johnsoncontrols.fluidtopics.net/reader/DP3tVuunnS5BYEJam2lLKg/root
"LN Application Specific, Remote I/O, and Free Programmable Controllers Installation Instructions"	https://johnsoncontrols.fluidtopics.net/viewer/document/HWS~C89W1x2OywV0hHsnzw
LN Free Programmable PRG 600 Series Controllers Installation Instructions	https://johnsoncontrols.fluidtopics.net/viewer/document/xPmBvkT9sbu5HU9va18S6g
LN Graphical Programming Interface (GPI) Tool Technical Bulletin	https://johnsoncontrols.fluidtopics.net/viewer/document/GbnTmTuzU_1OpukOm8wskA
LN Series 13 Point Free Programmable Controller Catalog Page	https://johnsoncontrols.fluidtopics.net/viewer/document/MVoSWIZRMiduQ3HqMX0Akw
LN Series 16 Point Free Programmable Controller Catalog Page	https://johnsoncontrols.fluidtopics.net/viewer/document/E4dcidkMvMKYnNbu8jGfbg
LN Series 16 Point Universal I/O with HOA Switch Controller Catalog Page	https://johnsoncontrols.fluidtopics.net/viewer/document/Q_hj8_uhqH9G6wD7fAQROQ
LN Series 24 Point Free Programmable Controller Catalog Page	https://johnsoncontrols.fluidtopics.net/viewer/document/cYT8tBEMpkdRV15X9sgReA
LN Series 8 Point Free Programmable Controller Catalog Page	https://johnsoncontrols.fluidtopics.net/viewer/document/G3R2pAnreqS5WqEln9CEgA
LN Series Application Specific Controllers Product Bulletin	https://johnsoncontrols.fluidtopics.net/viewer/document/kuy~vhw3q1n_9xLBLtm1gw
LN Series Communicating Sensors Catalog Page	https://johnsoncontrols.fluidtopics.net/viewer/document/eT37mPyZiGWchTuRSlQC8A
LN Series Communicating Sensors Product Bulletin	https://johnsoncontrols.fluidtopics.net/viewer/document/ZaDze7ZY1Q9XijECsDD5Kg
LN Series Compact VAV Controllers Catalog Page	https://johnsoncontrols.fluidtopics.net/viewer/document/aGPFAcZtizylqo_vz84NIg
LN Series Compact VAV Controllers Installation Instructions	https://johnsoncontrols.fluidtopics.net/viewer/document/2j_V~t2YFtOtksJODS2m9w
LN Series Compact VAV Controllers Product Bulletin	https://johnsoncontrols.fluidtopics.net/viewer/document/rvY~2u5j3dkuR5wOEzuxnQ
LN Series Display Catalog Page	https://johnsoncontrols.fluidtopics.net/viewer/document/Rx0ofKfUhvRKVp1BvYhrZw
LN Series Display Product Bulletin	https://johnsoncontrols.fluidtopics.net/viewer/document/IN0~r1DFrlI_27nLk00xSA
LN Series Free Programmable Controllers Catalog Page	https://johnsoncontrols.fluidtopics.net/viewer/document/F~pljo7ZjzL~S~~a_cDOLw
LN Series Free Programmable Controllers Product Bulletin	https://johnsoncontrols.fluidtopics.net/viewer/document/NsIyv9FwBuZrca2HPucfTQ
LN Series Free Programmable LN-PRG300-12 Controller Catalog Page	https://johnsoncontrols.fluidtopics.net/viewer/document/ofGpQGBJM9ehBwugbAVwbQ
LN Series Free Programmable LN-PRG300-12 Controller Product Bulletin	https://johnsoncontrols.fluidtopics.net/viewer/document/FKk8AyfE7k5t7Lgi0vIo6g
LN Series Free Programmable LN-PRG4x0-12 Controllers Product Bulletin	https://johnsoncontrols.fluidtopics.net/viewer/document/4wgl7QYXv4jaAvjAe1rnTQ
LN Series Free Programmable LN-PRG6x0-12 Controllers and LN Series Input/Output (I/O) Extension Modules Catalog Page	https://johnsoncontrols.fluidtopics.net/viewer/document/sB5Tm048bOjRJjTSuBmxEw
LN Series Free Programmable LN-PRG6x0-12 Controllers and LN Series Input/Output (I/O) Extension Modules Product Bulletin	https://johnsoncontrols.fluidtopics.net/viewer/document/p0S2oT0EojzCpwJ3vMVB~Q
LN Series Free Programmable LN-PRGxxx-12 Controllers Installation Instructions	https://johnsoncontrols.fluidtopics.net/viewer/document/wiQrQu02S4Z96QFzktQHmw
LN Series Input/Output (I/O) Extension Modules and LN Communicating Sensors Subnetwork for LN-VAVCF-12 and LN-PRGxxx-12 Application Note	https://johnsoncontrols.fluidtopics.net/viewer/document/dnGEgROaJ6wqow08nHLOlg
LN Series Input/Output (I/O) Extension Modules Installation Instructions	https://johnsoncontrols.fluidtopics.net/viewer/document/CnOo9pNFwk8iyimqk8Vv5g
LN Series Line Powered Fan Coil Unit Controller (PFCU) Installation Instructions	https://johnsoncontrols.fluidtopics.net/viewer/document/8Fuj1ALeJdOHPLx1g~r5Ow
LN Series LN-VAVCF Controller Catalog Page	https://johnsoncontrols.fluidtopics.net/viewer/document/1pg~eB13qvTZXtcOScP3pw
LN Series LN-VAVCF Controller Product Bulletin	https://johnsoncontrols.fluidtopics.net/viewer/document/RvCZeQVPFRPy31aUDquvyA
LN Series LN-VSTAT and LN-PSTAT Sensors Catalog Page	https://johnsoncontrols.fluidtopics.net/viewer/document/LS2D7k~2HF9MX31QcKMvmg
LN Series LN-VSTAT and LN-PSTAT Sensors Installation Instructions	https://johnsoncontrols.fluidtopics.net/viewer/document/3g1Lbciqgjaho59M8T2uHw
LN Series LN-VSTAT and LN-PSTAT Sensors Product Bulletin	https://johnsoncontrols.fluidtopics.net/viewer/document/xOj_mcM6xcXuKbPH4qTb7g
LN Series Powered Fan Coil Unit (PFCU) Controller Catalog Page	https://johnsoncontrols.fluidtopics.net/viewer/document/4pobIXwopEX7G7gP86phzw
LN Series Powered Fan Coil Unit (PFCU) Controller Product Bulletin	https://johnsoncontrols.fluidtopics.net/viewer/document/mXxWlhe54fVv6TYufIbwqA
LN Series Programmable Compact Variable Air Volume (VAV) Controller Product Bulletin	https://johnsoncontrols.fluidtopics.net/viewer/document/SMFQ3a7asskaUzkPY3~wlQ
LN Series Remote Input/Output (I/O) Controller Catalog Page	https://johnsoncontrols.fluidtopics.net/viewer/document/5xTbkIPXn348Je7Natw4lw
LN Series Scheduler Catalog Page	https://johnsoncontrols.fluidtopics.net/viewer/document/ePBH2sOnl3YuRXqqSYxfww
LN Series Scheduler Product Bulletin	https://johnsoncontrols.fluidtopics.net/viewer/document/mQtqQFnbgS1vqqS~ybuIcw
LN Series Sensors Installation Instructions	https://johnsoncontrols.fluidtopics.net/viewer/document/GKbjFptb53sp3rjUeAtl0A
LN Series Sensors Product Bulletin	https://johnsoncontrols.fluidtopics.net/viewer/document/ae0NdKdEkDRsxJ7Lqcv6Kw
LN Series Two-Door Access Controller	https://johnsoncontrols.fluidtopics.net/viewer/document/posLIKe0MRJ1ycidLc0Gwg
LN Series Variable Air Volume (VAV) and Variable Volume Temperature (VVT) Controllers Installation Instructions	https://johnsoncontrols.fluidtopics.net/viewer/document/aZFcgpa__XOSjoeYtOyPdg
LN Series Variable Air Volume (VAV) LN-VAVCF-12 Controller Catalog Page	https://johnsoncontrols.fluidtopics.net/viewer/document/aDwjIFdlOX~v0oJ7Lc3VQQ
LN Series Variable Air Volume (VAV) LN-VAVCF-12 Controller Installation Instructions	https://johnsoncontrols.fluidtopics.net/viewer/document/E35mOPO7lLwKtNeamZotow
LN Series Variable Air Volume (VAV) LN-VAVCF-12 Controller Product Bulletin	https://johnsoncontrols.fluidtopics.net/viewer/document/SYHqnT4hmLfwaYhm1Y8nHw
LN Series Wireless Receiver Module Catalog Page	https://johnsoncontrols.fluidtopics.net/viewer/document/g86kyCEOttOxi375fEyfuQ
LN Series Wireless Solution Guide Technical Bulletin	https://johnsoncontrols.fluidtopics.net/viewer/document/ZPVYTOVVv7Ab7uEtgfhSZw
LN-FCUL-1 LN Series Fan Coil Unit Controller Catalog Page	https://johnsoncontrols.fluidtopics.net/viewer/document/ukzKruUSXfd89HrYimaV8Q
LN-Light Input Card Product Bulletin	https://johnsoncontrols.fluidtopics.net/viewer/document/PS6d76_f3Rj4s6Z0VnLugg
LN-Light Panel Installation Instructions	https://johnsoncontrols.fluidtopics.net/viewer/document/e~_ohSZUiVyxIT9S_Rp1BA
"LN-Light Panel, Display, and Scheduler Catalog Page"	https://johnsoncontrols.fluidtopics.net/viewer/document/082PahDZ8L0eXSxzgM9oxA
"LN-Light Panel, Display, and Scheduler Product Bulletin"	https://johnsoncontrols.fluidtopics.net/viewer/document/2X4jN53r0FQONN6rqLrcuw
LN-VAVCFS-1 LN Series Programmable Compact VAV Controllers Catalog Page	https://johnsoncontrols.fluidtopics.net/viewer/document/0a7qZGDe4PRMDAbIijIdkg
LP-KIT006-xxx Room Command Modules for FXs Installation Instructions	https://johnsoncontrols.fluidtopics.net/viewer/document/RBHRjsjNJUkjvRWfVh~KIg
"LX Application Specific, Remote I/O, and Free Programmable Controllers Installation Instructions"	https://johnsoncontrols.fluidtopics.net/viewer/document/8qoErDRoTK0DSkHrpkT3ug
LX Display and Scheduler Product Bulletin	https://johnsoncontrols.fluidtopics.net/viewer/document/LWBipcgBunARBvjpBoRMOA
LX Graphical Programming Interface (GPI) Tool Technical Bulletin	https://johnsoncontrols.fluidtopics.net/viewer/document/QOEGBq3p7x0yTmNoEfJF2w
LX Scheduler Installation Instructions	https://johnsoncontrols.fluidtopics.net/viewer/document/1ZjomKjmURaBwHlgF~Xj5A
LX Series Application-Specific Controllers Product Bulletin	https://johnsoncontrols.fluidtopics.net/viewer/document/10KVaHW0ms2iEISlzffwdQ
LX Series Free Programmable Controllers Catalog Page	https://johnsoncontrols.fluidtopics.net/viewer/document/p_dSlAIEIPAjERRT2YWBCA
LX Series Free Programmable Controllers Product Bulletin	https://johnsoncontrols.fluidtopics.net/viewer/document/39zLIK5owK_KcS~ke6adJQ
LX Series Free Programmable LX-PRG203-11 Controller Catalog Page	https://johnsoncontrols.fluidtopics.net/viewer/document/_OjoSPYZ0ONtknj6w5LuGQ
LX Series Free Programmable LX-PRG203-11 Controller Product Bulletin	https://johnsoncontrols.fluidtopics.net/viewer/document/GtjIVr9aRTZCG6BpfloF_w
LX Series Free Programmable LX-PRG300-11 Controller Catalog Page	https://johnsoncontrols.fluidtopics.net/viewer/document/Lo~fm1qleUOLa3UkpDzypg
LX Series Free Programmable LX-PRG300-11 Controller Product Bulletin	https://johnsoncontrols.fluidtopics.net/viewer/document/SUOugHK1acg9fhZNdrTV~g
LX Series Free Programmable LX-PRG4x0-11 Controllers Catalog Page	https://johnsoncontrols.fluidtopics.net/viewer/document/49BFRMa7pquWTfjIaoqJxQ
LX Series Free Programmable LX-PRG4x0-11 Controllers Product Bulletin	https://johnsoncontrols.fluidtopics.net/viewer/document/z1mJ7l3tx9U85A90iu76OA
LX Series Free Programmable LX-PRG6x0-11 Controllers and LX Series Input/Output (I/O) Extension Modules Catalog Page	https://johnsoncontrols.fluidtopics.net/viewer/document/~dai8UJsGIaqvDG1A6K4tA
LX Series Free Programmable LX-PRG6x0-11 Controllers and LX Series Input/Output (I/O) Extension Modules Product Bulletin	https://johnsoncontrols.fluidtopics.net/viewer/document/DJn00eiv2G0l4B5yoPD4fQ
LX Series Free Programmable LX-PRGxxx-11 Controllers Installation Instructions	https://johnsoncontrols.fluidtopics.net/viewer/document/J43dFlDPKxF8Pit1ARNHXQ
LX Series Input/Output (I/O) Extension Modules Installation Instructions	https://johnsoncontrols.fluidtopics.net/viewer/document/I4Ka~Dfkd7K2Sfks~VyCFw
LX Series Line Powered Fan Coil Unit Controller (PFCU) Installation Instructions	https://johnsoncontrols.fluidtopics.net/viewer/document/qPvsVROwJiWhyflyVbrX1g
LX Series Programmable VAV Controller Product Bulletin	https://johnsoncontrols.fluidtopics.net/viewer/document/2CS1MWYrw7OhXzLu0CbsOA
LX Series Variable Air Volume (VAV) and Variable Volume Temperature (VVT) Controllers Installation Instructions	https://johnsoncontrols.fluidtopics.net/viewer/document/hqUdOf6veyPYP2XBbcut2Q
LX Series Variable Air Volume (VAV) LX-VAVCF-11 Controller Catalog Page	https://johnsoncontrols.fluidtopics.net/viewer/document/ot0gDNlECD4aCTNU5crj_g
LX Series Variable Air Volume (VAV) LX-VAVCF-11 Controller Product Bulletin	https://johnsoncontrols.fluidtopics.net/viewer/document/edSvOPg6FWQQ1upaj28vzA
LX Series Variable Air Volume (VAV)/Variable Air Volume and Temperature (VVT) Controllers Product Bulletin	https://johnsoncontrols.fluidtopics.net/viewer/document/_3cxNocHq6fhEaLgl~RIXA
LX Wizard and LON Integration Technical Bulletin	https://johnsoncontrols.fluidtopics.net/viewer/document/JVTbOszRbWPRHS6bH9C9cA
LX-Display Installation Instructions	https://johnsoncontrols.fluidtopics.net/viewer/document/iV1pOEtmV9sR1Q~ChiKzXQ
M-2500 Solar Compensator Catalog Page	https://johnsoncontrols.fluidtopics.net/viewer/document/XZst2jZYqnIkowLKP3ENpQ
MASterMind Specification Sheet	https://johnsoncontrols.fluidtopics.net/viewer/document/~Qxdm78K_kFemtdefDyskA
MASterMind Specification Sheet	https://johnsoncontrols.fluidtopics.net/viewer/document/~Qxdm78K_kFemtdefDyskA
Mates Behavior Watch - ExacqVision Integration	https://johnsoncontrols.fluidtopics.net/viewer/document/_PJPPtIfN4JOYLZmp3GCnA
Mates Behavior Watch - ExacqVision Integration	https://johnsoncontrols.fluidtopics.net/viewer/document/_PJPPtIfN4JOYLZmp3GCnA
MD20 Master Display Technical Bulletin	https://johnsoncontrols.fluidtopics.net/viewer/document/kNYXf4FAOznM25mI7sH71g
Metasys Advanced Reporting System and Energy Essentials Help	https://johnsoncontrols.fluidtopics.net/viewer/document/pOE14yuOC52ZT0iM3wooTw
Metasys Balancing Sensor User Guide	https://johnsoncontrols.fluidtopics.net/viewer/document/U1c19Jl2y6sa0AIB2OeyUg
Metasys Database Manager Help	https://johnsoncontrols.fluidtopics.net/viewer/document/BtB8q_yaoTAP30ycbApGZg
Metasys Database Manager Installation Instructions	https://johnsoncontrols.fluidtopics.net/viewer/document/sEbqaYAERHkbHnYP72haaw
Metasys Export Utility Help	https://johnsoncontrols.fluidtopics.net/viewer/document/O2I34wiKjpLYxsllO1AiCA
Metasys Export Utility Installation Instructions	https://johnsoncontrols.fluidtopics.net/viewer/document/NsZWDpuGsOxxa~cB59wYLw
Metasys Server Installation and Upgrade Instructions	https://johnsoncontrols.fluidtopics.net/viewer/document/B2uDXO7npoEBbT~bLI~XXA
Metasys Server Installation and Upgrade Instructions	https://johnsoncontrols.fluidtopics.net/viewer/document/cDfWNpzfihszyKsSPacjzQ
Metasys Server Lite Installation and Upgrade Instructions	https://johnsoncontrols.fluidtopics.net/viewer/document/~HnTZgckEl8JTbr82_32iw
Metasys Server Lite Installation and Upgrade Instructions	https://johnsoncontrols.fluidtopics.net/viewer/document/XdIY4~ZfKYACS_rOLwIpDQ
Metasys Site Management Portal Help	https://johnsoncontrols.fluidtopics.net/viewer/document/6fG9RnhPr_Y5FViIJ8XJdQ
Metasys System Configuration Guide	https://johnsoncontrols.fluidtopics.net/viewer/document/Yrm3dbE902pSAJEn3CcI~g
Metasys System Enumeration Sets Technical Bulletin	https://johnsoncontrols.fluidtopics.net/viewer/document/mD2FIz6qS3sz~nbOXk32NA
Metasys System LN Series 13 Point Free Programmable Controller Installation Instructions	https://johnsoncontrols.fluidtopics.net/viewer/document/Mav9RTCf4vxaKMUNjub_4g
Metasys System LN Series VAV and VVT Application Free Controllers Product Bulletin	https://johnsoncontrols.fluidtopics.net/viewer/document/Xu3LQWntw8oEEYZlyYtOtw
Metasys System Software Registration Form	https://johnsoncontrols.fluidtopics.net/viewer/document/nVlkiG1XvzUssz6UtQjwKQ
Metasys System UL 864 10th Edition UUKL/ORD-C100-13 UUKLC Standard Smoke Control Applications Application Note	https://johnsoncontrols.fluidtopics.net/viewer/document/jUgUtwVws1wzx7C8WIzKNQ
Metasys UI Help	https://johnsoncontrols.fluidtopics.net/viewer/document/6ivj3GS_y1JwWlE4F1DTxw
Metasys UI Offline Help	https://johnsoncontrols.fluidtopics.net/viewer/document/vr85iDfmSzZ1wSx~JQiaEw
Metasys UI Technical Bulletin	https://johnsoncontrols.fluidtopics.net/viewer/document/Js_K8i5mi9Xq4fLcG2SPkA
Metasys UI Technical Bulletin	https://johnsoncontrols.fluidtopics.net/viewer/document/WHaF5hHuqWLBnWVMNsDtSw
Mixed Air Dual Duct (MADD) Air Handling Unit (AHU) Application Note	https://johnsoncontrols.fluidtopics.net/viewer/document/rmCnmKVNAa0qrRPkMzD~4Q
Mobile Access Portal Gateway Quick Start Guide	https://johnsoncontrols.fluidtopics.net/viewer/document/JJDuiSfJlb5RLzKUpyroKw
Mobile Access Portal Gateway Quick Start Guide	https://johnsoncontrols.fluidtopics.net/viewer/document/WIjgQPOzr9Sv8p0tg_05_g
Model DPV-1 Dry Pipe Valve External Resetting	https://johnsoncontrols.fluidtopics.net/viewer/document/Vf08F179r9JoyZ9TDczCIA
Model DPV-1 Dry Pipe Valve External Resetting	https://johnsoncontrols.fluidtopics.net/viewer/document/Vf08F179r9JoyZ9TDczCIA
Model QRS Electronic Accelerator (Quick Opening Device) For Dry Pipe or Preaction systems	https://johnsoncontrols.fluidtopics.net/viewer/document/rqBtt1KAFrpENfnn0t42nA
Model QRS Electronic Accelerator (Quick Opening Device) For Dry Pipe or Preaction systems	https://johnsoncontrols.fluidtopics.net/viewer/document/lC8Nnzevg04yDafKL1uQag
Model QRS Electronic Accelerator (Quick Opening Device) For Dry Pipe or Preaction systems	https://johnsoncontrols.fluidtopics.net/viewer/document/lC8Nnzevg04yDafKL1uQag
MS-BACEOL-0 RS485 End-of-Line Terminator Installation Instructions	https://johnsoncontrols.fluidtopics.net/viewer/document/yOlu60rZD32eXH2~UeequQ
M-Series Quick Start Guide	https://johnsoncontrols.fluidtopics.net/viewer/document/wu8QEzndOsiwH6rPe_Uqrg
M-Series Quick Start Guide	https://johnsoncontrols.fluidtopics.net/reader/aEr4z9~5ZddCLCBkMpk7rQ/root
N2 Field Equipment Controllers and Related Products Product Bulletin	https://johnsoncontrols.fluidtopics.net/viewer/document/IAGWMj46soSKPbx1Y4SApw
N-6800 Electro-Pneumatic Transducer Installation and Operational Checkout Technical Bulletin	https://johnsoncontrols.fluidtopics.net/viewer/document/g0smJiEDz8uhAK1Q3E_88w
N-6810 Electro-Pneumatic Transducer Current Input Linear Pressure Output Product/Technical Bulletin	https://johnsoncontrols.fluidtopics.net/viewer/document/YioSEqntGBkiMUhBT9ni~A
N-6820 Electro-Pneumatic Transducer Voltage Input Linear Pressure Output Product/Technical Bulletin	https://johnsoncontrols.fluidtopics.net/viewer/document/UxZzvoizTCtGpmM1PPzsFQ
N-9000 Enthalpy Logic Center Catalog Page	https://johnsoncontrols.fluidtopics.net/viewer/document/9rdnQ5TdB_uiLHdwqV5pdw
NAE55/NIE55 Installation Instructions	https://johnsoncontrols.fluidtopics.net/viewer/document/4RMEQdjVtF5~vaRkmp~ymw
NAE85 Commissioning Guide	https://johnsoncontrols.fluidtopics.net/viewer/document/Ob0XIUD1PtUEwmCA7XFHEA
NAE85 Installation and Upgrade Instructions	https://johnsoncontrols.fluidtopics.net/viewer/document/3AUvfSr09R0cCDaXRc8rPQ
NCE Standard Control Panel Assembly Mounted in a 16 in. x 20 in. Enclosure Catalog Page	https://johnsoncontrols.fluidtopics.net/viewer/document/gEPWKIYkeE40DfiWNGoE7Q
NCE Standard Control Panel Subassembly for a 16 in. x 20 in. Enclosure Catalog Page	https://johnsoncontrols.fluidtopics.net/viewer/document/f7ruP6lQqHzzJkzs0T~~vg
Network and IT Guidance Technical Bulletin	https://johnsoncontrols.fluidtopics.net/viewer/document/cQ9tHuzQ0Bk6eSsIi7DfpQ
NIEx9 Commissioning Guide	https://johnsoncontrols.fluidtopics.net/viewer/document/~vf2UptiGYaKfIm7FIqtkg
NS Series CO2 Network Sensors Installation Instructions	https://johnsoncontrols.fluidtopics.net/viewer/document/eJuY4haaxDoxhrvQ~wqBzQ
NS Series CO2 Network Sensors Installation Instructions	https://johnsoncontrols.fluidtopics.net/viewer/document/EN5XtgsB8gJEefGO2_9XrQ
NS Series Flush-Mount Network Sensors Installation Instructions	https://johnsoncontrols.fluidtopics.net/viewer/document/NLJ0Iblxy7ZekBWAGZWXOA
NS Series Flush-Mount Network Sensors Installation Instructions	https://johnsoncontrols.fluidtopics.net/viewer/document/SAvzIx5Y9_XjgHhZVWGa1w
NS Series Network Discharge Air Sensors Installation Instructions	https://johnsoncontrols.fluidtopics.net/viewer/document/NSfaGFKcRrVp1BB~rES8pA
NS Series Network Discharge Air Sensors Installation Instructions	https://johnsoncontrols.fluidtopics.net/viewer/document/qIwJoIaLdA5JFUUd4rMn3Q
NS Series Network Sensors Catalog Page	https://johnsoncontrols.fluidtopics.net/viewer/document/asBq~7NQSHsPbRmCsUQ~8g
NS Series Network Sensors Catalog Page	https://johnsoncontrols.fluidtopics.net/viewer/document/_XcNYLPuwnoz8VWgEVmfKg
NS Series Network Sensors Product Bulletin	https://johnsoncontrols.fluidtopics.net/viewer/document/ks4ksOG~xCIF5PDKURUrGQ
NS Series Network Sensors Product Bulletin	https://johnsoncontrols.fluidtopics.net/viewer/document/By61TcqLrytEshbAm2djBw
NS Series Network Sensors with Fault Code Capability Installation Instructions	https://johnsoncontrols.fluidtopics.net/viewer/document/PEiiEeT8Hpc4BAQUb_IU8w
NS Series Network Sensors with Fault Code Capability Installation Instructions	https://johnsoncontrols.fluidtopics.net/viewer/document/FHYyerK4LXW469aVS_o~HA
NS Series Temperature and Humidity Network Zone and Discharge Air Sensors and NS Series Network Sensors with Fault Code Capability Protocol Implementation Conformance Statement Technical Bulletin	https://johnsoncontrols.fluidtopics.net/viewer/document/2tnwCC9XtB59Flh_xih_tg
NS8000 Series Network Sensors Global Safety Data Sheet	https://johnsoncontrols.fluidtopics.net/viewer/document/I62zRmJBZmi4uRY9YR_eKw
NS8000 Series Vertical Wallbox-Mounted or Suface-Mounted NS Series Network Sensors Installation Guide	https://johnsoncontrols.fluidtopics.net/viewer/document/VPmMi4zL7xVjPQTTzwATGw
NS8000 Series Vertical Wallbox-Mounted or Suface-Mounted NS Series Network Sensors Installation Guide	https://johnsoncontrols.fluidtopics.net/viewer/document/_nbKQ5V8wS8CaqcEVBmfPg
NSD1380 Nurses Station Display Catalog Page	https://johnsoncontrols.fluidtopics.net/viewer/document/LTXq_dl0wRUPYDwtnekdtQ
NSD1380 Nurses Station Display Installation Instructions	https://johnsoncontrols.fluidtopics.net/viewer/document/_jRsNPSRmB0RtIR3iOhZsw
NSD1380 Nurses Station Display Installation Instructions	https://johnsoncontrols.fluidtopics.net/viewer/document/_o0GHGxjYje7b9YIr6SzXA
NSD1380 Nurses Station Display Product Bulletin	https://johnsoncontrols.fluidtopics.net/viewer/document/wE2CbYkXLL_IzPiPRberAw
NSD1380 Nurses Station Display Product Bulletin	https://johnsoncontrols.fluidtopics.net/viewer/document/WSu_mTXPId68Gkit~lstMA
NSD1380 Nurses Station Display Technical Bulletin	https://johnsoncontrols.fluidtopics.net/viewer/document/rkdx6StHrEt_A5CKFmNwGw
NxE85 Installation and Upgrade Instructions	https://johnsoncontrols.fluidtopics.net/viewer/document/5XMpAoQzc9YP7TIbbflKwA
NxE85 Turnkey User's Guide	https://johnsoncontrols.fluidtopics.net/viewer/document/IaLLVlwnMVS5uiEvYMmp3w
ODS Commissioning Guide	https://johnsoncontrols.fluidtopics.net/viewer/document/UkIGySMYsspAoO50JRKKMQ
ODS Protocol Implementation Conformance Statement	https://johnsoncontrols.fluidtopics.net/viewer/document/5DeWE7tp28YzbwKYq2G5hg
OLS-2100 Series Occupancy Light Switch Catalog Page	https://johnsoncontrols.fluidtopics.net/viewer/document/vW5fj8a7~6MjzBgADuH6gQ
Operator Workstation Appendices	https://johnsoncontrols.fluidtopics.net/viewer/document/WK73oxpKnW0iM3Y5XBLj_Q
P-3800 Reset Volume Controller Product Bulletin	https://johnsoncontrols.fluidtopics.net/viewer/document/pe3W1yn4~1DeMs2oinMWAg
P-5210 Pneumatic Pressure Transmitter Product Bulletin	https://johnsoncontrols.fluidtopics.net/viewer/document/3EcTvxgKt4hZDtoIlO0ApA
P-5215 Differential Pressure Transmitter Product Bulletin	https://johnsoncontrols.fluidtopics.net/viewer/document/wtqEGPykAnMoT3RhzaPFyA
P-5217 Static Pressure Transmitter Product Bulletin	https://johnsoncontrols.fluidtopics.net/viewer/document/glr4nJbgsFTqfA9GyK7LaQ
P-7100 Pneumatic Electric Switch Product Bulletin	https://johnsoncontrols.fluidtopics.net/viewer/document/gloH9HEZyUsYLYtaJcRjEw
R-2080 1:1 Booster Relay Catalog Page	https://johnsoncontrols.fluidtopics.net/viewer/document/iU5WLZjBWjdPRKMdP1LebQ
R-2080 1:1 Booster Relay Product Bulletin	https://johnsoncontrols.fluidtopics.net/viewer/document/Tch8gk_CK9ioP8D_~HHtvA
R-3030 1:1 Reversing Relay Catalog Page	https://johnsoncontrols.fluidtopics.net/viewer/document/CWDbwnC0E2s_TOJ5_m9acQ
R-317 Air Flow Controller Catalog Page	https://johnsoncontrols.fluidtopics.net/viewer/document/wMVY8qwKuqRquCdgyaZxAA
R-317 Air Flow Controller Product Bulletin	https://johnsoncontrols.fluidtopics.net/viewer/document/aT5ttEsN45Ab7bqM7Nhclw
R-3180 Low Range Differential Pressure Controller Product Bulletin	https://johnsoncontrols.fluidtopics.net/viewer/document/mBKDoMJ~rwGXKQjDLbOnIQ
R-4000 Miniature Pressure Regulator Catalog Page	https://johnsoncontrols.fluidtopics.net/viewer/document/n6hurDwEgJItmY05SBpeSQ
R-4000 Miniature Pressure Regulator Product Bulletin	https://johnsoncontrols.fluidtopics.net/viewer/document/3vAl8vnjR8KhOQrt_aZyvw
Ready Access Portal Catalog Page	https://johnsoncontrols.fluidtopics.net/viewer/document/rvtWfuDRsPJPIb2m41Cnfw
Ready Access Portal Software Installation Instructions	https://johnsoncontrols.fluidtopics.net/viewer/document/eHWbSAwhE3eaLa8uzsxiug
Related Links	https://johnsoncontrols.fluidtopics.net/reader/iNhXVoRZ8gU~FccRXbZiSg/root
Related Links	https://johnsoncontrols.fluidtopics.net/reader/iNhXVoRZ8gU~FccRXbZiSg/qiH80ozZVMIuwKJXdwgIIg
Rev. 01	https://johnsoncontrols.fluidtopics.net/viewer/document/jMDyhduRCY2u33uxzW3lhQ
Rev. 01	https://johnsoncontrols.fluidtopics.net/viewer/document/dRCnN5SXVG9tr1gkVD_4pg
Rev. 01	https://johnsoncontrols.fluidtopics.net/viewer/document/Zll6C_dGsoxGfg6atQZgAw
Rev. 01	https://johnsoncontrols.fluidtopics.net/viewer/document/Mu7TGVwKe8iibqyJAy782Q
S-2300 Pneumatic Selector Switch Product Bulletin	https://johnsoncontrols.fluidtopics.net/viewer/document/HT4sJPY4eQvmR6xeV7Hybw
S9032LC Lift Control Interface Unit Type III Enclosure Sticker	https://johnsoncontrols.fluidtopics.net/viewer/document/WiL~uy2MZo1tiOK2ifGymw
SCT Installation and Upgrade Instructions	https://johnsoncontrols.fluidtopics.net/viewer/document/6MnwmW5AUMk6WwyCzKbu7Q
SCT Installation and Upgrade Instructions	https://johnsoncontrols.fluidtopics.net/viewer/document/E~6N4t7P89Tl6nRMPFz1Hg
SCT Pro Help	https://johnsoncontrols.fluidtopics.net/viewer/document/Mq6Cvhd3r_GLKuwQxar_7g
Security Administrator System Technical Bulletin	https://johnsoncontrols.fluidtopics.net/viewer/document/MCPkAZzvOKmWrL32E_bu6Q
Security Administrator System Technical Bulletin	https://johnsoncontrols.fluidtopics.net/viewer/document/K9NSKL5Nbylcp1oY9Qn18g
Smart Equipment Controls Sequence of Operation Overview	https://johnsoncontrols.fluidtopics.net/viewer/document/f8b0~P0Q5RbHNQ4yS4zUsA
Smart Equipment Controls Sequence of Operation Overview	https://johnsoncontrols.fluidtopics.net/viewer/document/fPrqEO58V0BkpnW3p3NQCQ
Software Activation Manager Help	https://johnsoncontrols.fluidtopics.net/viewer/document/1ENByL2bMeyE2kx6TLVfCQ
Software Activation Manager Installation Instructions	https://johnsoncontrols.fluidtopics.net/viewer/document/IIb24QaJ9t~fiyKmrlqyDg
Software License Activator Technical Bulletin	https://johnsoncontrols.fluidtopics.net/viewer/document/lPoUPhh2LKkfZHhOkZMRlg
SQL Server Installation and Upgrade Instructions	https://johnsoncontrols.fluidtopics.net/viewer/document/xFVkKuXpRV_EwAaXqUAmRg
S-Series Enterprise Quick Start Guide	https://johnsoncontrols.fluidtopics.net/viewer/document/m8gzl4IgrycPGN6sqnBLEg
S-Series Enterprise Quick Start Guide	https://johnsoncontrols.fluidtopics.net/viewer/document/m8gzl4IgrycPGN6sqnBLEg
Submittal Data Sheet: Johnson Controls Choice AD15 to AD28	https://johnsoncontrols.fluidtopics.net/viewer/document/ua3aikg4ffch9M5VUvwqXw
Surface-Mounted NS Series Network Sensors with LCD Installation Instructions	https://johnsoncontrols.fluidtopics.net/viewer/document/dizazK2x5YGWyk0jj3E6Vw
Surface-Mounted NS Series Network Sensors with LCD Installation Instructions	https://johnsoncontrols.fluidtopics.net/viewer/document/4DUmPMvGsJHjG8fiBJ8qxw
Surface-Mounted NS Series Network Sensors without LCD Installation Instructions	https://johnsoncontrols.fluidtopics.net/viewer/document/1mm5vv7wKDFca~mR_bnm2w
Surface-Mounted NS Series Network Sensors without LCD Installation Instructions	https://johnsoncontrols.fluidtopics.net/viewer/document/VFpor6GLjoz2I1B_9iA7TA
System License Information	https://johnsoncontrols.fluidtopics.net/viewer/document/Q5XazXvDaKQBz7ts4ZiY4Q
T-2100 Dial Thermometer Catalog Page	https://johnsoncontrols.fluidtopics.net/viewer/document/Yjr0~h4YOQ1z11ODvVsruQ
T-2110 Digital Thermometer Air or Liquids Catalog Page	https://johnsoncontrols.fluidtopics.net/viewer/document/2tGfLIfbtek1mMmQX7qcmA
T-3102 Heating Cooling Deadband Thermostat Catalog Page	https://johnsoncontrols.fluidtopics.net/viewer/document/WJrhW6hPhARJVHG7uXwTqw
T-3200 Single Temperature Dual Pressure Thermostat Catalog Page	https://johnsoncontrols.fluidtopics.net/viewer/document/emucleQEXhdD0_jc_onDwA
T-3300 Dual Temperature Dual Pressure Thermostat Catalog Page	https://johnsoncontrols.fluidtopics.net/viewer/document/gVrPPJRLGYHpYbI0Woon5Q
T-4000 Series Covers with Faceplates Catalog Page	https://johnsoncontrols.fluidtopics.net/viewer/document/N7vy7TN~Kau98pXECkrjAg
T-4000 Series Pneumatic Room Thermostats	https://johnsoncontrols.fluidtopics.net/viewer/document/h73nFUVaP6mWc3hCwHaghA
T-4002 Single Temperature High Volume Output Thermostat Catalog Page	https://johnsoncontrols.fluidtopics.net/viewer/document/Jq_DPEHuHGJ~RZNjCrK95w
T-4003 Submaster High Volume Output Thermostat Catalog Page	https://johnsoncontrols.fluidtopics.net/viewer/document/wBiqg7sSy3Sv1JM8Enfk7Q
T-4003 Submaster Room Thermostat Installation Guide	https://johnsoncontrols.fluidtopics.net/viewer/document/a_1Jrz5n1nsyIG4vGdhKgQ
T-4003 Submaster Room Thermostat Installation Guide	https://johnsoncontrols.fluidtopics.net/viewer/document/a_1Jrz5n1nsyIG4vGdhKgQ
T-4506 Dual Temperature Thermostat Catalog Page	https://johnsoncontrols.fluidtopics.net/viewer/document/WvjngmPCC4drQx42~SBj7Q
T-4516 Dual Temperature High Volume Output Thermostat Catalog Page	https://johnsoncontrols.fluidtopics.net/viewer/document/7~zktJfmM0_8RC0WsR94Og
T-4752 Heating-Cooling Thermostat Catalog Page	https://johnsoncontrols.fluidtopics.net/viewer/document/xoqlpI2i1~pZNpUN2Q8_VA
T-5210 Pneumatic Temperature Transmitter Product/Technical Bulletin	https://johnsoncontrols.fluidtopics.net/viewer/document/K6dPX4RnY6vgXYxFgUEOWQ
T-5220 High Volume Output Pneumatic Temperature Transmitter Product/Technical Bulletin	https://johnsoncontrols.fluidtopics.net/viewer/document/62Jpx6NvZF5GxNuaJ0XVoQ
T-5800 Pneumatic Receiver-Controller Product Bulletin	https://johnsoncontrols.fluidtopics.net/viewer/document/EV5r6j2FstlK5H2ntptoeg
T-5800-1 and T-5800-2 Single Input Receiver-Controllers Installation and Calibration Technical Bulletin	https://johnsoncontrols.fluidtopics.net/viewer/document/4qPby2K3yUFb10QQ6LpeTw
T-5800-3 and T-5800-4 Dual Input Receiver-Controllers Installation and Calibration Technical Bulletin	https://johnsoncontrols.fluidtopics.net/viewer/document/ao4yKWoWpE6NyeaD03Uh3w
T8800 BACnet Protocol Implementation Conformance Statement	https://johnsoncontrols.fluidtopics.net/viewer/document/a64m82Bgs0QaLLOI_wmNng
T8800 BACnet Protocol Implementation Conformance Statement	https://johnsoncontrols.fluidtopics.net/viewer/document/a64m82Bgs0QaLLOI_wmNng
T8800 Series BACnet MS/TP Networked Thermostat Controller Technical Bulletin	https://johnsoncontrols.fluidtopics.net/viewer/document/PIGe3jav7ZDIZJecfZS20g
T8800 Series BACnet MS/TP Networked Thermostat Controller Technical Bulletin	https://johnsoncontrols.fluidtopics.net/viewer/document/PIGe3jav7ZDIZJecfZS20g
TE-6001 Hardware Assemblies for TE-6000 Temperature Elements Product/Technical Bulletin	https://johnsoncontrols.fluidtopics.net/viewer/document/dg7k3ay0k33NPfevZ1lP2w
TE-6001 Series Hardware Assemblies for TE-6000 Sensors Catalog Page	https://johnsoncontrols.fluidtopics.net/viewer/document/tp65nwY9~mDJM2foBg4lFQ
TE-6100 Series Temperature Sensors and Completed Sensor/Hardware Assemblies Catalog Page	https://johnsoncontrols.fluidtopics.net/viewer/document/u7PiB0F5_xR_EiHA3zI5ww
TE-6100 Series Temperature Sensors and Completed Sensor/Hardware Assemblies Product Bulletin	https://johnsoncontrols.fluidtopics.net/viewer/document/ZVUUtonboi9NZCk_bpOKaw
TE-6300 Series Temperature Sensors Catalog Page	https://johnsoncontrols.fluidtopics.net/viewer/document/7bJ0rVyeutSllyTB2DdSdA
TE-6300 Series Temperature Sensors Product Bulletin	https://johnsoncontrols.fluidtopics.net/viewer/document/ZadI_Z4VR_Rx9gg0Y6lrZw
TE-637DP-1 Surface-mount Duct Temperature Sensor Product/Technical Bulletin	https://johnsoncontrols.fluidtopics.net/viewer/document/bpsSb2AWN0uT8kpIVMUVyw
TE-63xL Stainless Steel Flush Mount Button Temperature Sensors Installation Guide	https://johnsoncontrols.fluidtopics.net/viewer/document/ljOb0oONgJYvWSu_alD33A
TE-6700 2nd Generation Temperature Elements Catalog Page	https://johnsoncontrols.fluidtopics.net/viewer/document/HmwMiZ2yXcAM76gzFbHEiQ
TE-6700 Series 2nd Generation Temperature Elements Product Bulletin	https://johnsoncontrols.fluidtopics.net/viewer/document/pj_ZSz2qIGTpyPX4fkdOZw
TE-67W-600 Wallbox and TE-67S-600 Surface Mounting Kits Packing Slip	https://johnsoncontrols.fluidtopics.net/viewer/document/K_rlIssEMNUtD5AykScxJQ
TE-6800 Series Temperature Sensors Catalog Page	https://johnsoncontrols.fluidtopics.net/viewer/document/wxERWBRP1F5N5PZGKaul4w
TE-6800 Series Temperature Sensors Product Bulletin TE-68xx-xN00S	https://johnsoncontrols.fluidtopics.net/viewer/document/z3dzv~OKUIErkIak5OTLbA
TE-6800 Series Temperature Sensors Product Bulletin TE-68xx-xN00S	https://johnsoncontrols.fluidtopics.net/viewer/document/1UuW4QF33~NYBFaMvu0vZQ
TE730 Series Temperature Sensors Catalog Page	https://johnsoncontrols.fluidtopics.net/viewer/document/4TeNB31d_fRssvUC97~YYw
TE730 Series Temperature Sensors Installation Instructions	https://johnsoncontrols.fluidtopics.net/viewer/document/C5f7_VRLbSDGqPfhIPfjNw
TE-7800 Series One-to-One Wireless Room Temperature Sensing System Catalog Page	https://johnsoncontrols.fluidtopics.net/viewer/document/YQZgAwkjlBL1wP0umVkTmw
TE-7800 Series One-to-One Wireless Room Temperature Sensing System Product Bulletin	https://johnsoncontrols.fluidtopics.net/viewer/document/Rju4dhGY0fHHp3_vDxvEgw
TE-7800 Series One-to-One Wireless Room Temperature Sensing System Technical Bulletin	https://johnsoncontrols.fluidtopics.net/viewer/document/P1nMHhA2BPqTYNaTrG4kyQ
TE-7800 Series Receivers for One-to-One Wireless Room Temperature Sensing Systems Installation Instructions	https://johnsoncontrols.fluidtopics.net/viewer/document/gDJvh5JA5EBEZwDurrRBQg
TE-7800 Series Receivers for One-to-One Wireless Room Temperature Sensing Systems Installation Instructions	https://johnsoncontrols.fluidtopics.net/viewer/document/Q20IoBi3vtb90EZlJMAYCA
Technical Guide: Johnson Controls Choice AD15 to AD28	https://johnsoncontrols.fluidtopics.net/viewer/document/2x3R0TfLmyLx9MD~GZ8zmQ
Technician License Portal Help	https://johnsoncontrols.fluidtopics.net/viewer/document/kISY09wIVP6HiwJeqNklcA
Temperature Data Acquisition Module (TDA) Product Bulletin	https://johnsoncontrols.fluidtopics.net/viewer/document/3OOKwWOp4FEGb2zdsP3pJw
Temperature Data Acquisition Module Installation Instructions	https://johnsoncontrols.fluidtopics.net/viewer/document/xDheXvfJOOmX2HJqdjhFDQ
Temperature Data Acquisition Module Installation Instructions	https://johnsoncontrols.fluidtopics.net/viewer/document/N5ps2vksVV9MvztmvcC62w
Thermistor Flush Mount Button Sensors Series Product Bulletin	https://johnsoncontrols.fluidtopics.net/viewer/document/frqKO3EE42ZolSeIOcsr_w
TM-11x1 Series Room Temperature Module Catalog Page	https://johnsoncontrols.fluidtopics.net/viewer/document/8gmH7vOX38YmuLh67rVJwg
TM-11x1 Series Room Temperature Module Product Bulletin	https://johnsoncontrols.fluidtopics.net/viewer/document/bH6GFcPdX841JT8gGusuRQ
Trend Studies	https://johnsoncontrols.fluidtopics.net/reader/yg_m1gVmpr1Bz~C29fArww/root
Trend Studies	https://johnsoncontrols.fluidtopics.net/reader/yg_m1gVmpr1Bz~C29fArww/kZlirwl63T3dy_ykeszUVA
Trend Studies	https://johnsoncontrols.fluidtopics.net/reader/yg_m1gVmpr1Bz~C29fArww/root
Trend Studies	https://johnsoncontrols.fluidtopics.net/reader/yg_m1gVmpr1Bz~C29fArww/kZlirwl63T3dy_ykeszUVA
TrueRH Humidity Transmitters Catalog Page	https://johnsoncontrols.fluidtopics.net/viewer/document/Y22yj3v6kkb9SbH6DHNdng
TrueRH Series HC-67x3 Humidity Controllers Product Bulletin	https://johnsoncontrols.fluidtopics.net/viewer/document/GU5DBOzQ5xp1VLDuoFTq9g
TrueRH Series HE-67xx Humidity Transmitter with Temperature Sensor Product Bulletin	https://johnsoncontrols.fluidtopics.net/viewer/document/idG_6py_7SgiW7dd9q7rtw
TrueRH Series HT-670x Humidity Transmitters Product Bulletin	https://johnsoncontrols.fluidtopics.net/viewer/document/joZL_ulrodORE3_wFokw4w
Unit Control Board (UCB) Protocol Implementation Conformance Statement	https://johnsoncontrols.fluidtopics.net/viewer/document/A0kKY6GzcX52Om_5s4bSoA
Vertical Wallbox-Mounted or Surface-Mounted NS Series Network Sensors with LCD Installation Instructions	https://johnsoncontrols.fluidtopics.net/viewer/document/w5fmUwAbr~kNWz8bRnSKwA
Vertical Wallbox-Mounted or Surface-Mounted NS Series Network Sensors with LCD Installation Instructions	https://johnsoncontrols.fluidtopics.net/viewer/document/oqZQFrszptYsmfgzXlXxuw
Vertical Wallbox-Mounted or Surface-Mounted NS Series Network Sensors without LCD Installation Instructions	https://johnsoncontrols.fluidtopics.net/viewer/document/KijoZjpV0jno_yXCQ6EO8g
Vertical Wallbox-Mounted or Surface-Mounted NS Series Network Sensors without LCD Installation Instructions	https://johnsoncontrols.fluidtopics.net/viewer/document/F7YgNf7Q9iHwx~5Hy2lBhw
Vertical Wallbox-Mounted or Surface-Mounted Occupancy Sensing NS Series Network Sensors with LCD Installation Instructions	https://johnsoncontrols.fluidtopics.net/viewer/document/Yg3P2ho95X17C1uzggTjmA
Vertical Wallbox-Mounted or Surface-Mounted Occupancy Sensing NS Series Network Sensors with LCD Installation Instructions	https://johnsoncontrols.fluidtopics.net/viewer/document/P9gOsjUlOlD7ohtKnSy4vA
Vertical Wallbox-Mounted or Surface-Mounted Occupancy Sensing NS Series Network Sensors without LCD Installation Instructions	https://johnsoncontrols.fluidtopics.net/viewer/document/VY9xS0cNxMCTSGDT1izBtg
Vertical Wallbox-Mounted or Surface-Mounted Occupancy Sensing NS Series Network Sensors without LCD Installation Instructions	https://johnsoncontrols.fluidtopics.net/viewer/document/HuRDLUTgNGkuo~KzhDX52g
VG1000 and M9000 Selection Table	https://johnsoncontrols.fluidtopics.net/viewer/document/o21Iwk~HmZSPaJSHyzDb2g
VG1000 and M9000 Selection Table	https://johnsoncontrols.fluidtopics.net/viewer/document/o21Iwk~HmZSPaJSHyzDb2g
VG1000 and M9000 Selection Table	https://johnsoncontrols.fluidtopics.net/viewer/document/o21Iwk~HmZSPaJSHyzDb2g
VG1000 and M9000 Selection Table	https://johnsoncontrols.fluidtopics.net/viewer/document/o21Iwk~HmZSPaJSHyzDb2g
VGA8000 VAP VAF Actuator	https://johnsoncontrols.fluidtopics.net/viewer/document/mKDVvYUFS9zfKleetIdeog
VGA8000 VAP VAF Actuator	https://johnsoncontrols.fluidtopics.net/viewer/document/mKDVvYUFS9zfKleetIdeog
VIZOR Electronic Dry Pipe Accelerator (EDPA) Quick-Opening Device for Dry Pipe Systems	https://johnsoncontrols.fluidtopics.net/viewer/document/K7Jpi3BvB7ymE5Pzwcoh1A
VIZOR Electronic Dry Pipe Accelerator (EDPA) Quick-Opening Device for Dry Pipe Systems	https://johnsoncontrols.fluidtopics.net/viewer/document/j~Btnaw_OF7XXJbuxXdb~w
VRF Smart Gateway Quick Start Guide	https://johnsoncontrols.fluidtopics.net/viewer/document/wUVS1tY5cKJq9mB_NysFQQ
VRF Smart Gateway Quick Start Guide	https://johnsoncontrols.fluidtopics.net/viewer/document/h_X3JnyEGaWuyXVexJrjVg
VRF Smart Gateway Quick Start Guide	https://johnsoncontrols.fluidtopics.net/viewer/document/pQg9cxOQyZvN5mLyAawCNQ
VRF Smart Gateway Quick Start Guide	https://johnsoncontrols.fluidtopics.net/viewer/document/dy8zcCuhDMjwceMbuI8_SA
VRF Smart Gateway Quick Start Guide	https://johnsoncontrols.fluidtopics.net/viewer/document/rKvlNjqRTqkh_kzBlDZhKQ
VRF Smart Gateway Quick Start Guide	https://johnsoncontrols.fluidtopics.net/viewer/document/rpIxgxckWQ_J_rXP5X637g
VRF Smart Gateway Quick Start Guide	https://johnsoncontrols.fluidtopics.net/viewer/document/czNjlk7Tklrs_Y1A7_63Vg
VRF Smart Gateway Quick Start Guide	https://johnsoncontrols.fluidtopics.net/viewer/document/eb9BfwazP4e45ZEgni6m3Q
VRF Smart Gateway Quick Start Guide	https://johnsoncontrols.fluidtopics.net/viewer/document/DzCMNWDptYP4SnshUTi~YQ
VRF Smart Gateway Quick Start Guide	https://johnsoncontrols.fluidtopics.net/viewer/document/T0mgSRBVH~bHmpa5jU4~Dg
What’s New at Release 2.0 - At a Glance	https://johnsoncontrols.fluidtopics.net/viewer/document/SvPqLs~lA4o13Z7Szp_ldw
What’s New at Release 2.2 - At a Glance	https://johnsoncontrols.fluidtopics.net/viewer/document/BGHuFs3S06MDRHaMf~IAvg
What's New at Release 7.0	https://johnsoncontrols.fluidtopics.net/viewer/document/9ju8gpFg8Deyr_quwI0iXw
What's New at Release 9.0	https://johnsoncontrols.fluidtopics.net/viewer/document/4VvLfRMwPrEEcftAsn72ZQ
What's New for Q1 FY16 Controls Product Releases	https://johnsoncontrols.fluidtopics.net/viewer/document/JaZntjLlJe7LlMPA3LClPg
Wireless Field Bus Coordinator Control Panel Assembly Mounted in a 24 in. x 24 in. Enclosure Catalog Page	https://johnsoncontrols.fluidtopics.net/viewer/document/X1qw~tg18zCL7Q27Xcn53Q
Wireless Field Bus Coordinator Control Panel Assembly Mounted in a 24 in. x 36 in. Enclosure Catalog Page	https://johnsoncontrols.fluidtopics.net/viewer/document/FI~rUuPYiah2LUUgniWUZg
WNC1800 Wireless Network Coordinator Gateway Quick Start Guide	https://johnsoncontrols.fluidtopics.net/viewer/document/GjD9vM47NfWflyR8~xcoBg
WRS Series Many-to-One Wireless Room Temperature Sensing System Catalog Page	https://johnsoncontrols.fluidtopics.net/viewer/document/jI4gLpC2M36WCOoi0LnTpQ
WRS Series Many-to-One Wireless Room Temperature Sensing System Product Bulletin	https://johnsoncontrols.fluidtopics.net/viewer/document/ywLyVPAtvCaEQnInmPld1w
WRS Series Many-to-One Wireless Room Temperature Sensing System Product Bulletin	https://johnsoncontrols.fluidtopics.net/viewer/document/Wq8CNnvgPTOzapcz7QQkFw
WRS-RTN Series Receivers for Many-to-One Wireless Room Temperature Sensing Systems Installation Instructions	https://johnsoncontrols.fluidtopics.net/viewer/document/DkCNrQvhuEM9YisqrZDPEg
WRS-SST Series Wireless Sensing System Tools Technical Bulletin	https://johnsoncontrols.fluidtopics.net/viewer/document/1PChvmmfZumfeYyHPkexKA
WRS-TTx Series Wireless Room Temperature Sensors Installation Instructions	https://johnsoncontrols.fluidtopics.net/viewer/document/HwgsipphIfU6~iQyeQntgQ
WRS-TTx Series Wireless Room Temperature Sensors Installation Instructions	https://johnsoncontrols.fluidtopics.net/viewer/document/BBO4Jl34FyfmQI7JKSRTuQ
WRZ-7840 One-to-One Wireless Room Temperature Sensing System Catalog Page	https://johnsoncontrols.fluidtopics.net/viewer/document/korPmHHhEPfr3QGGkC16Fw
WRZ-7840 One-to-One Wireless Room Temperature Sensing System Product Bulletin	https://johnsoncontrols.fluidtopics.net/viewer/document/he~4dfXOnhTsub5DRhllsQ
WRZ-7840 Receiver for One-to-One Wireless Room Temperature Sensing Systems Installation Instructions	https://johnsoncontrols.fluidtopics.net/viewer/document/kEQEbVXcvkoML2p0Gasdww
WRZ-7840 Series One-to-One Wireless Room Temperature Sensing System Technical Bulletin	https://johnsoncontrols.fluidtopics.net/viewer/document/Xd_Ci2YXFR9RbYf63zulgA
WRZ-7850-0 Receiver for One-to-One Wireless Room Sensing Systems Installation Instructions	https://johnsoncontrols.fluidtopics.net/viewer/document/eruZZW2Tu1QY06zHzCHXlQ
WRZ-7860-0 Receiver for One-to-One Wireless Room Sensing Systems Catalog Page	https://johnsoncontrols.fluidtopics.net/viewer/document/5cZwpMiJ_2gvtUACDL09MA
WRZ-7860-0 Receiver for One-to-One Wireless Room Sensing Systems Catalog Page	https://johnsoncontrols.fluidtopics.net/viewer/document/5cZwpMiJ_2gvtUACDL09MA
WRZ-7860-0 Receiver for One-to-One Wireless Room Sensing Systems Product Bulletin	https://johnsoncontrols.fluidtopics.net/viewer/document/QqZxEGl7p4tcE14SS2mP8w
WRZ-7860-0 Receiver for One-to-One Wireless Room Sensing Systems Product Bulletin	https://johnsoncontrols.fluidtopics.net/viewer/document/QqZxEGl7p4tcE14SS2mP8w
WRZ-RMT10K-0 Wireless Remote Temperature Transmitter Catalog Page	https://johnsoncontrols.fluidtopics.net/viewer/document/DzQC0VqmibbvIJmrFsDpAQ
WRZ-RMT10K-0 Wireless Remote Temperature Transmitter Product Bulletin	https://johnsoncontrols.fluidtopics.net/viewer/document/Ei0CTINHlPb_v6_~4naCjg
WRZ-SST-100 Wireless Sensing System Tool Installation Instructions	https://johnsoncontrols.fluidtopics.net/viewer/document/b_OqNLkPBF1ggVfW4hz5nA
WRZ-SST-110 Wireless Sensing System Tool Installation Instructions	https://johnsoncontrols.fluidtopics.net/viewer/document/v4BHagNWNVEfSpDvV9GscA
WRZ-TTB0000-5 Handheld Temperature Room Sensor Catalog Page	https://johnsoncontrols.fluidtopics.net/viewer/document/atV8_v4nhYdo5WTLczZfFw
WRZ-TTB0000-5 Handheld Temperature Room Sensor Product Bulletin	https://johnsoncontrols.fluidtopics.net/viewer/document/AfURbtHcA4FuVucOn8ezsQ
YD Style A & B Centrifugal Chiller with Optiview Control Center Operation (Form 160.69-O1)	https://johnsoncontrols.fluidtopics.net/viewer/document/lLGTgRmTKfwvA8xwVGRsMg
YD Style A & B Centrifugal Chiller with Optiview Control Center Operation (Form 160.69-O1)	https://johnsoncontrols.fluidtopics.net/viewer/document/hDBs5B9irx2WMG0Ur5BlSw
Z Series 2U NVR Series Quick Start Guide	https://johnsoncontrols.fluidtopics.net/viewer/document/LEotDy~o83LS0~EjUQtIfg
Z Series 2U NVR Series Quick Start Guide	https://johnsoncontrols.fluidtopics.net/viewer/document/LEotDy~o83LS0~EjUQtIfg
ZFR1800 Series Wireless Field Bus System Catalog Page	https://johnsoncontrols.fluidtopics.net/viewer/document/OgyM7PTAOl4zMQFnDTt6AA
ZFR1800 Series Wireless Field Bus System Product Bulletin	https://johnsoncontrols.fluidtopics.net/viewer/document/cD9LbirlLtet_F9miO9vSA
ZFR1800 Series Wireless Field Bus System Quick Reference Guide	https://johnsoncontrols.fluidtopics.net/viewer/document/63PmLclnTL0I4lQOgnmYfw
ZFR1800 Series Wireless Field Bus System Technical Bulletin	https://johnsoncontrols.fluidtopics.net/viewer/document/SyczTuOuxYQOGmaNZ9LfSg
ZFR1810 Wireless Field Bus Coordinator Installation Instructions	https://johnsoncontrols.fluidtopics.net/viewer/document/MiUEwQDwoWOSIGZNyaNurw
ZFR1812 Wall Mount Wireless Field Bus Router Installation Instructions	https://johnsoncontrols.fluidtopics.net/viewer/document/HaIYs7F9VKTTj~6cherxCg
