title,created_at,link,metadata
ZETTLER,2018-01-01,/viewer/document/cby~lbj~2qloOG1Ht5W_5g,"Brand: Zettler,Category: Visual Alarm Device and Sounder,Product: MZX Detector Base Sounder,Document Revision: 2,Part Number: 120.515.396.PT,Document Number: MZX-D-80DSB-DS-POR"
ZETTLER,2018-01-01,/viewer/document/gKLRZGFaaAG49IHNbFMAjQ,"Brand: Zettler,Category: Visual Alarm Device and Sounder,Product: MZX Detector Base Sounder,Document Revision: 2,Part Number: 120.515.396.SK,Document Number: MZX-D-80DSB-DS-SK"
Zettler,2018-01-01,/viewer/document/T5ZRQL5yeo32s8pRdIc~Rw,"Brand: Zettler,Category: Addressable Panel,Product: ZX panels,Document Revision: 3,Part Number: 120.415.895,Document Number: 120.415.895"
ZETTLER,2018-01-01,/viewer/document/hXLI_QU0oNRixSfBOEJgSQ,"Brand: Zettler,Category: Sounder and Beacon,Product: MZX VADs,Document Revision: 2,Part Number: 120.515.394.SK,Document Number: MZX-D-VAD-DS-SK"
ZETTLER,2018-01-01,/viewer/document/eV_0Atq4L3~8Fszr9i3Clg,"Brand: Zettler,Category: Sounder and Beacon,Product: MZX VADs,Document Revision: 2,Part Number: 120.515.394.PT,Document Number: MZX-D-VAD-DS-POR"
ZETTLER,2018-01-01,/viewer/document/yA_yx2AjZhp40uJsbndr5g,"Brand: Zettler,Category: Sounder and Beacon,Product: MZX VADs,Document Revision: 2,Part Number: 120.515.394.NL,Document Number: MZX-D-VAD-DS-NL"
ZETTLER,2018-01-01,/viewer/document/IzqwTCS49qDs~HTswOt6kA,"Brand: Zettler,Category: Sounder and Beacon,Product: MZX VIDs,Document Revision: 2,Part Number: 120.515.395.PT,Document Number: MZX-D-VID-DS-POR"
ZETTLER,2018-01-01,/viewer/document/JjO2PYWNOc5V_F6rxJoeDg,"Brand: Zettler,Category: Sounder and Beacon,Product: MZX VIDs,Document Revision: 2,Part Number: 120.515.395.SK,Document Number: MZX-D-VID-DS-SK"
ZETTLER,2018-01-01,/viewer/document/UiBvtzPZt4l_2g5B7R2u0g,"Brand: Zettler,Category: Sounder and Beacon,Product: MZX VIDs,Document Revision: 2,Part Number: 120.515.395.NO,Document Number: MZX-D-VID-DS-NOR"
Translation Matrix,2018-01-01,/viewer/document/CCM2aOIv3SmaAaZRcVyxBw,"Brand: Zettler,Category: Zettler products,Product: Zettler products,Document Revision: 1,Part Number: NA,Document Number: TRANS-MATRIX"
DDM800 Universal Fire and Gas Detector Module Compatibility,2018-01-01,/viewer/document/MhtUE0KhwKliiowjZDordQ,"Brand: Zettler,Category: Ancillary,Product: DDM800,Document Revision: 3,Document Number: 17A-02-DDM/DET"
Profile panel commissioning instructions,2018-01-01,/viewer/document/KFqtIYgyCqx2pflY5v5ffw,"Brand: Zettler,Category: Addressable Panel,Product: Profile Panels and Repeaters,Document Revision: 2,Part Number: 120.515.168,Document Number: PROFILE-P-C"
600 Series conventional detecters PA DI,2018-01-01,/viewer/document/KNsPOR6g1jfdsMHl3ccrDg,"Brand: Zettler,Category: Detector,Product: 600 Series,Document Revision: 2,Document Number: 01C-02-D1-NF"
830/850 Series Detectors PA and DI,2018-01-01,/viewer/document/GWITIVSz1xx3~1hAjNJuQA,"Brand: Zettler,Category: Detector,Product: 830 Series 850 Series,Document Number: MZX-D-A"
CP830/CP830M/CP830ExN Addressable Break Glass Callpoint (Outdoor),2018-01-01,/viewer/document/5xh8NLANhBDp5LUHqahfTw,"Brand: Zettler,Category: Callpoint,Product: CP830 | CP830ExN | CP830M,Document Revision: 4,Part Number: 120.415.979,Document Number: 17A-03-CP830"
"DDM800 Universal Fire and Gas Detector Module, Product Application and Design Information, Issue 3 Slovak",2018-01-01,/viewer/document/j_uoc6Tkypz~WT5CBV7wxg,"Brand: Zettler,Category: Ancillary,Product: DDM800,Document Revision: 1,Part Number: 120.515.568,Document Number: MZX-A-DDM-A-SK"
Fireclass Prescient III Panel and Repeater Install Comm (OM version?),2018-01-01,/viewer/document/MnunYtSfHo4oWHcBVmtuFw,"Brand: Zettler,Category: Extinguishing Panel,Product: Fireclass Prescient III,Document Revision: 7,Document Number: OMPRES3IN"
MZX Control Panels Application and Design Guide,2018-01-01,/viewer/document/uZi1hApR9iBet8y3Y9_SlA,"Brand: Zettler,Category: Addressable Panel,Product: MZX Panels and Repeaters,Document Revision: 4,Document Number: MZX-P-A"
MZX Control Panels Installation,2018-01-01,/viewer/document/Dvvcxrkjcfh~dMKIWq3Ivw,"Brand: Zettler,Category: Addressable Panel,Product: MZX Panels and Repeaters,Document Revision: 6,Part Number: 120.415.991,Document Number: MZX-P-I"
MZX Control Panels Service and Maintenance Guide,2018-01-01,/viewer/document/lgQ3VBMEcqF0qwzwWA4zAQ,"Brand: Zettler,Category: Addressable Panel,Product: MZX Panels and Repeaters,Document Revision: 8,Document Number: MZX-P-S"
MZX Control Panels User Guide,2018-01-01,/viewer/document/o0022KbAhE9UYAs0KfpOWg,"Brand: Zettler,Category: Addressable Panel,Product: MZX Panels and Repeaters,Document Revision: 6,Part Number: 120.415.992,Document Number: MZX-P-U"
MZX Fire Alarm Control Panels,2018-01-01,/viewer/document/GhQ~Agzu1Ka0gBzMGgWTUw,"Brand: Zettler,Category: Addressable Panel,Product: MZX Panels and Repeaters,Document Revision: 5,Document Number: MZX-P-A"
MZX Fire Alarm Control Panels- T2000,2018-01-01,/viewer/document/wgYgvaMuIvWmudAdLMl_nQ,"Brand: Zettler,Category: Panel,Product: T2000,Document Revision: 1,Part Number: 120.515.921,Document Number: MZX-P-U-T2000"
MZX-e Installation Guide English,2018-01-01,/viewer/document/a5J9TW1jFMcbuJHdWQt9jQ,"Brand: Zettler,Category: Status Lamp Unit,Product: MZX-e Panels and Repeaters,Document Revision: 8,Part Number: 120.415.052,Document Number: 120.415.052"
Profile Panel Installation Instructions,2018-01-01,/viewer/document/wXIElN6xmoKvNSZDMPb0Iw,"Brand: Zettler,Category: Addressable Panel,Product: Profile Panels and Repeaters,Document Revision: 4,Part Number: 120.515.167,Document Number: PROFILE-P-I"
Profile Panel PA DI,2018-01-01,/viewer/document/VqeCkUXprXgpETsy_c73xA,"Brand: Zettler,Category: Addressable Panel,Product: Profile Panels and Repeaters,Document Revision: 3,Document Number: PROFILE-P-A"
PROFILE Panels and Repeaters,2018-01-01,/viewer/document/wqVv1Ftsts1Xyl3wWEU7jA,"Brand: Zettler,Category: Addressable Panel,Product: PROFILE Panels and Repeaters,Document Revision: 5,Part Number: 120.515.273,Document Number: PROFILE-PRO-P-A"
PROFILE Panels Installation Guide,2018-01-01,/viewer/document/7x5xyzBLsMsAdH6EIMqmAg,"Brand: Zettler,Category: Addressable Panel,Product: PROFILE Panels,Document Revision: 5,Part Number: 120-515-271,Document Number: PROFILE-PRO-P-I"
Profile Phase 2 Panels Installation Guide,2018-01-01,/viewer/document/grgBSTXMDYiwBpQcTnLCfA,"Brand: Zettler,Category: Addressable Panel,Product: Profile Flexible Panels and Repeaters,Document Revision: 3,Part Number: 120-515-271,Document Number: PROFILE-PRO-P-I"
Profile Phase 2 Panels PA and DI,2018-01-01,/viewer/document/GUWgdymD6ERfo7fliSFOng,"Brand: Zettler,Category: Addressable Panel,Product: Profile Flexible Panels and Repeaters,Document Revision: 1,Part Number: 120-515-273,Document Number: PROFILE-PRO-P-A"
Profile Phase 2 Panels PA and DI,2018-01-01,/viewer/document/48Ow8PPZ8BVxbb2MLI_qmw,"Brand: Zettler,Category: Addressable Panel,Product: Profile Flexible Panels and Repeaters,Document Revision: 3,Part Number: 120-515-273,Document Number: PROFILE-PRO-P-A"
TLI800EN NETWORK MODULE PA and DI,2018-01-01,/viewer/document/31iS5aWRTAT4RPBtTaVGOQ,"Brand: Zettler,Category: Panel Accessory,Product: TLI800EN,Document Revision: 2,Document Number: MZX-A-MZXNET-A"
Profile panel commissioning instructions,2018-06-11,/viewer/document/r9aFhsyj4Gq5hH8eUIGucw,"Brand: Zettler,Category: Addressable Panel,Product: P115S | P405D | P885D,Document Revision: 3,Document Number: PROFILE-P-C"
Wiring Diagrams for ,2018-07-02,/viewer/document/rt4ZWRbeIITkyRxjfgcKqA,"Brand: Zettler,Category: Panel,Product: Panels,Document Revision: 2,Document Number: MZX-P-IODET"
DDM800 UNIVERSAL FIRE and GAS DETECTOR MODULE,2018-08-24,/viewer/document/PfNsMSwZbd4n2Ag6WIDWYw,"Brand: Zettler,Category: FIRE and GAS DETECTOR MODULE,Product: DDM800,Document Revision: 5,Document Number: 17A-02-DDM"
CP830/CP830M/CP830ExN Weatherproof Break Glass Callpoint,2018-09-21,/viewer/document/yN5xTu4Cv6imCHWPiSqLUg,"Brand: Zettler,Category: Callpoint,Product: CP830 | CP830ExN | CP830M,Document Revision: 5,Document Number: 17A-03-CP830"
Connected Services Gateway Installation Instructions,2018-10-09,/viewer/document/fww04vKTsEOLdPi1SIBRfQ,"Brand: Zettler,Category: Panel Accessory,Product: Connected Services Gateway Module,Document Revision: A,Document Number: 0579-1283"
MZX Fire Alarm Control Panels and Repeaters,2018-10-11,/viewer/document/qrpnwofKNCumuzWPfO0A4Q,"Brand: Zettler,Category: Fire Alarm Control Panel and  Repeater,Product: MZX,Document Revision: 7,Document Number: MZX-P-I"
PROFILE Addressable Fire Alarm Control Panels and Repeaters,2018-10-11,/viewer/document/oDAOJQe8yPHvPc2FFKITVg,"Brand: Zettler,Category: Fire Alarm Control Panel and  Repeater,Product: PROFILE,Document Revision: 5,Document Number: PROFILE-P-I"
PROFILE Addressable Fire Alarm Control Panels and Repeaters,2018-10-11,/viewer/document/LoGKhoL4~NvGVePR8SRotQ,"Brand: Zettler,Category: Addressable Fire Alarm Control Panels and Repeaters,Product: PROFILE,Document Revision: 4,Document Number: PROFILE-P-A"
PROFILE Panels and Repeaters,2018-10-11,/viewer/document/EMfitdm0QSsEwKv1tXftJQ,"Brand: Zettler,Category: Panel and Repeater,Product: PROFILE Panel,Document Revision: 4,Document Number: PROFILE-PRO-P-A"
PROFILE Panels From Firmware version 25 GUI version 2.0.3,2018-10-11,/viewer/document/cpax1v0ydjI7Ez30JZ514A,"Brand: Zettler,Category: Panel,Product: PROFILE,Document Revision: 4,Document Number: PROFILE-P-U"
MZX Networking,2018-11-13,/viewer/document/jyv2krjeuupuReJUamtONg,"Brand: Zettler,Category: Fire Alarm Control Panel,Product: MZX,Document Revision: 3,Document Number: MZX-A-MZXNET-A"
PROFILE Panels,2018-11-13,/viewer/document/f1w7XnCIDfywG387VLw0Kg,"Brand: Zettler,Category: PROFILE Panel,Product: Profile,Document Revision: 4,Document Number: PROFILE-PRO-P-I"
